artifact,calibration_diagnosis,chain_coverage,d1_delta,d1_first,d1_last,d1_trend,diamond_size_case,e_al_emax_gpa,final_settle_steps,initial_settle_steps,liggghts_commit,min_chain_length,mu_al_al,mu_al_diamond,mu_al_tool,mu_al_wall,mu_diamond_diamond,mu_diamond_tool,mu_diamond_wall,mu_scale,mu_wall_scale,p95_mpa,participation_delta,participation_first,participation_last,participation_trend,particle_count_scale,particle_count_total,seed_index,stage_settle_steps,status,threshold_factor,time_step_seconds,top_velocity_cm_s,trend_score,zhang_stage_status
dia60al40-dem-artifacts-sizeE-pscale2-Emax96.417-mu0.693-wallmu1-seed0-settle1-vel50,needs_participation_increase,1.0,-1.3148474153505059,1.3148474153505059,0.0,decreasing,E,96.417,50000,20000,3d5c00f20519e6bb6eb6756f51f1ad36564e649d,2,0.2079,0.2079,0.05544,0.05544,0.0693,0.05544,0.05544,0.693,1.0,702.232074,-0.06190752970403246,0.5850972399087243,0.5231897102046918,decreasing,2,129,0,20000,review,0.05,2e-10,50.0,1,review
dia60al40-dem-artifacts-sizeE-pscale2-Emax96.417-mu0.693-wallmu1-seed0-settle1-vel50,needs_participation_increase,1.0,-0.6598470937003478,0.6598470937003478,0.0,decreasing,E,96.417,50000,20000,3d5c00f20519e6bb6eb6756f51f1ad36564e649d,3,0.2079,0.2079,0.05544,0.05544,0.0693,0.05544,0.05544,0.693,1.0,702.232074,-0.06190752970403246,0.5850972399087243,0.5231897102046918,decreasing,2,129,0,20000,review,0.05,2e-10,50.0,1,review
dia60al40-dem-artifacts-sizeE-pscale2-Emax96.417-mu0.693-wallmu1-seed0-settle1-vel50,needs_participation_increase,1.0,-1.0448189694742116,1.0448189694742116,0.0,decreasing,E,96.417,50000,20000,3d5c00f20519e6bb6eb6756f51f1ad36564e649d,2,0.2079,0.2079,0.05544,0.05544,0.0693,0.05544,0.05544,0.693,1.0,702.232074,-0.13466760972071823,0.6681273043971763,0.533459694676458,decreasing,2,129,0,20000,review,0.1,2e-10,50.0,1,review
dia60al40-dem-artifacts-sizeE-pscale2-Emax96.417-mu0.693-wallmu1-seed0-settle1-vel50,needs_participation_increase,1.0,-0.6598470937003478,0.6598470937003478,0.0,decreasing,E,96.417,50000,20000,3d5c00f20519e6bb6eb6756f51f1ad36564e649d,3,0.2079,0.2079,0.05544,0.05544,0.0693,0.05544,0.05544,0.693,1.0,702.232074,-0.13466760972071823,0.6681273043971763,0.533459694676458,decreasing,2,129,0,20000,review,0.1,2e-10,50.0,1,review
dia60al40-dem-artifacts-sizeE-pscale2-Emax96.417-mu0.693-wallmu1-seed0-settle1-vel50,needs_participation_increase,1.0,-0.6598470937003478,0.6598470937003478,0.0,decreasing,E,96.417,50000,20000,3d5c00f20519e6bb6eb6756f51f1ad36564e649d,2,0.2079,0.2079,0.05544,0.05544,0.0693,0.05544,0.05544,0.693,1.0,702.232074,-0.20899812250833483,0.779293561092259,0.5702954385839242,decreasing,2,129,0,20000,review,0.25,2e-10,50.0,1,review
dia60al40-dem-artifacts-sizeE-pscale2-Emax96.417-mu0.693-wallmu1-seed0-settle1-vel50,needs_participation_increase,1.0,-0.6598470937003478,0.6598470937003478,0.0,decreasing,E,96.417,50000,20000,3d5c00f20519e6bb6eb6756f51f1ad36564e649d,3,0.2079,0.2079,0.05544,0.05544,0.0693,0.05544,0.05544,0.693,1.0,702.232074,-0.20899812250833483,0.779293561092259,0.5702954385839242,decreasing,2,129,0,20000,review,0.25,2e-10,50.0,1,review
dia60al40-dem-artifacts-sizeE-pscale2-Emax96.417-mu0.693-wallmu1-seed0-settle1-vel50,needs_participation_increase,1.0,-0.7693557022279834,0.7693557022279834,0.0,decreasing,E,96.417,50000,20000,3d5c00f20519e6bb6eb6756f51f1ad36564e649d,2,0.2079,0.2079,0.05544,0.05544,0.0693,0.05544,0.05544,0.693,1.0,702.232074,-0.24974529486753883,0.8702579839945167,0.6205126891269779,decreasing,2,129,0,20000,review,0.5,2e-10,50.0,1,review
dia60al40-dem-artifacts-sizeE-pscale2-Emax96.417-mu0.693-wallmu1-seed0-settle1-vel50,needs_physics_calibration,1.0,0.0,0.0,0.0,flat,E,96.417,50000,20000,3d5c00f20519e6bb6eb6756f51f1ad36564e649d,4,0.2079,0.2079,0.05544,0.05544,0.0693,0.05544,0.05544,0.693,1.0,702.232074,-0.06190752970403246,0.5850972399087243,0.5231897102046918,decreasing,2,129,0,20000,review,0.05,2e-10,50.0,0,review
dia60al40-dem-artifacts-sizeE-pscale2-Emax96.417-mu0.693-wallmu1-seed0-settle1-vel50,needs_physics_calibration,1.0,0.0,0.0,0.0,flat,E,96.417,50000,20000,3d5c00f20519e6bb6eb6756f51f1ad36564e649d,4,0.2079,0.2079,0.05544,0.05544,0.0693,0.05544,0.05544,0.693,1.0,702.232074,-0.13466760972071823,0.6681273043971763,0.533459694676458,decreasing,2,129,0,20000,review,0.1,2e-10,50.0,0,review
dia60al40-dem-artifacts-sizeE-pscale2-Emax96.417-mu0.693-wallmu1-seed0-settle1-vel50,needs_physics_calibration,1.0,0.0,0.0,0.0,flat,E,96.417,50000,20000,3d5c00f20519e6bb6eb6756f51f1ad36564e649d,4,0.2079,0.2079,0.05544,0.05544,0.0693,0.05544,0.05544,0.693,1.0,702.232074,-0.20899812250833483,0.779293561092259,0.5702954385839242,decreasing,2,129,0,20000,review,0.25,2e-10,50.0,0,review
dia60al40-dem-artifacts-sizeE-pscale2-Emax96.417-mu0.693-wallmu1-seed0-settle1-vel50,needs_physics_calibration,1.0,0.0,0.0,0.0,flat,E,96.417,50000,20000,3d5c00f20519e6bb6eb6756f51f1ad36564e649d,3,0.2079,0.2079,0.05544,0.05544,0.0693,0.05544,0.05544,0.693,1.0,702.232074,-0.24974529486753883,0.8702579839945167,0.6205126891269779,decreasing,2,129,0,20000,review,0.5,2e-10,50.0,0,review
dia60al40-dem-artifacts-sizeE-pscale2-Emax96.417-mu0.693-wallmu1-seed0-settle1-vel50,needs_physics_calibration,1.0,0.0,0.0,0.0,flat,E,96.417,50000,20000,3d5c00f20519e6bb6eb6756f51f1ad36564e649d,4,0.2079,0.2079,0.05544,0.05544,0.0693,0.05544,0.05544,0.693,1.0,702.232074,-0.24974529486753883,0.8702579839945167,0.6205126891269779,decreasing,2,129,0,20000,review,0.5,2e-10,50.0,0,review
dia60al40-dem-artifacts-sizeE-pscale2-Emax96.417-mu0.693-wallmu1-seed0-settle1-vel50,needs_physics_calibration,1.0,0.0,0.0,0.0,flat,E,96.417,50000,20000,3d5c00f20519e6bb6eb6756f51f1ad36564e649d,2,0.2079,0.2079,0.05544,0.05544,0.0693,0.05544,0.05544,0.693,1.0,702.232074,-0.3001738119889198,0.9522324378261307,0.6520586258372109,decreasing,2,129,0,20000,review,0.75,2e-10,50.0,0,review
dia60al40-dem-artifacts-sizeE-pscale2-Emax96.417-mu0.693-wallmu1-seed0-settle1-vel50,needs_physics_calibration,1.0,0.0,0.0,0.0,flat,E,96.417,50000,20000,3d5c00f20519e6bb6eb6756f51f1ad36564e649d,3,0.2079,0.2079,0.05544,0.05544,0.0693,0.05544,0.05544,0.693,1.0,702.232074,-0.3001738119889198,0.9522324378261307,0.6520586258372109,decreasing,2,129,0,20000,review,0.75,2e-10,50.0,0,review
dia60al40-dem-artifacts-sizeE-pscale2-Emax96.417-mu0.693-wallmu1-seed0-settle1-vel50,needs_physics_calibration,1.0,0.0,0.0,0.0,flat,E,96.417,50000,20000,3d5c00f20519e6bb6eb6756f51f1ad36564e649d,4,0.2079,0.2079,0.05544,0.05544,0.0693,0.05544,0.05544,0.693,1.0,702.232074,-0.3001738119889198,0.9522324378261307,0.6520586258372109,decreasing,2,129,0,20000,review,0.75,2e-10,50.0,0,review
dia60al40-dem-artifacts-sizeE-pscale2-Emax96.417-mu0.693-wallmu1-seed0-settle1-vel50,needs_physics_calibration,1.0,0.9693002509054823,0.0,0.9693002509054823,increasing,E,96.417,50000,20000,3d5c00f20519e6bb6eb6756f51f1ad36564e649d,2,0.2079,0.2079,0.05544,0.05544,0.0693,0.05544,0.05544,0.693,1.0,702.232074,-0.2667498245850658,0.9522324378261307,0.6854826132410649,decreasing,2,129,0,20000,review,1.0,2e-10,50.0,0,review
dia60al40-dem-artifacts-sizeE-pscale2-Emax96.417-mu0.693-wallmu1-seed0-settle1-vel50,needs_physics_calibration,1.0,0.9693002509054823,0.0,0.9693002509054823,increasing,E,96.417,50000,20000,3d5c00f20519e6bb6eb6756f51f1ad36564e649d,3,0.2079,0.2079,0.05544,0.05544,0.0693,0.05544,0.05544,0.693,1.0,702.232074,-0.2667498245850658,0.9522324378261307,0.6854826132410649,decreasing,2,129,0,20000,review,1.0,2e-10,50.0,0,review
dia60al40-dem-artifacts-sizeE-pscale2-Emax96.417-mu0.693-wallmu1-seed0-settle1-vel50,needs_physics_calibration,1.0,0.0,0.0,0.0,flat,E,96.417,50000,20000,3d5c00f20519e6bb6eb6756f51f1ad36564e649d,4,0.2079,0.2079,0.05544,0.05544,0.0693,0.05544,0.05544,0.693,1.0,702.232074,-0.2667498245850658,0.9522324378261307,0.6854826132410649,decreasing,2,129,0,20000,review,1.0,2e-10,50.0,0,review
dia60al40-dem-artifacts-sizeE-pscale2-Emax96.417-mu0.693-wallmu1-seed0-settle1-vel50,needs_physics_calibration,1.0,1.699157420611813,0.0,1.699157420611813,increasing,E,96.417,50000,20000,3d5c00f20519e6bb6eb6756f51f1ad36564e649d,2,0.2079,0.2079,0.05544,0.05544,0.0693,0.05544,0.05544,0.693,1.0,702.232074,-0.24956398850033135,0.9522324378261307,0.7026684493257993,decreasing,2,129,0,20000,review,1.25,2e-10,50.0,0,review
dia60al40-dem-artifacts-sizeE-pscale2-Emax96.417-mu0.693-wallmu1-seed0-settle1-vel50,needs_physics_calibration,1.0,1.0876318982693727,0.0,1.0876318982693727,increasing,E,96.417,50000,20000,3d5c00f20519e6bb6eb6756f51f1ad36564e649d,3,0.2079,0.2079,0.05544,0.05544,0.0693,0.05544,0.05544,0.693,1.0,702.232074,-0.24956398850033135,0.9522324378261307,0.7026684493257993,decreasing,2,129,0,20000,review,1.25,2e-10,50.0,0,review
dia60al40-dem-artifacts-sizeE-pscale2-Emax96.417-mu0.693-wallmu1-seed0-settle1-vel50,needs_physics_calibration,1.0,0.9449639018740763,0.0,0.9449639018740763,increasing,E,96.417,50000,20000,3d5c00f20519e6bb6eb6756f51f1ad36564e649d,4,0.2079,0.2079,0.05544,0.05544,0.0693,0.05544,0.05544,0.693,1.0,702.232074,-0.24956398850033135,0.9522324378261307,0.7026684493257993,decreasing,2,129,0,20000,review,1.25,2e-10,50.0,0,review
dia60al40-dem-artifacts-sizeE-pscale2-Emax96.417-mu0.693-wallmu1-seed0-settle1-vel50,needs_physics_calibration,1.0,1.2850815845771868,0.0,1.2850815845771868,increasing,E,96.417,50000,20000,3d5c00f20519e6bb6eb6756f51f1ad36564e649d,2,0.2079,0.2079,0.05544,0.05544,0.0693,0.05544,0.05544,0.693,1.0,702.232074,-0.2789480824353848,0.996726440206119,0.7177783577707342,decreasing,2,129,0,20000,review,1.5,2e-10,50.0,0,review
dia60al40-dem-artifacts-sizeE-pscale2-Emax96.417-mu0.693-wallmu1-seed0-settle1-vel50,needs_physics_calibration,1.0,0.8800584864223133,0.0,0.8800584864223133,increasing,E,96.417,50000,20000,3d5c00f20519e6bb6eb6756f51f1ad36564e649d,3,0.2079,0.2079,0.05544,0.05544,0.0693,0.05544,0.05544,0.693,1.0,702.232074,-0.2789480824353848,0.996726440206119,0.7177783577707342,decreasing,2,129,0,20000,review,1.5,2e-10,50.0,0,review
dia60al40-dem-artifacts-sizeE-pscale2-Emax96.417-mu0.693-wallmu1-seed0-settle1-vel50,needs_physics_calibration,1.0,1.367610369817921,0.0,1.367610369817921,increasing,E,96.417,50000,20000,3d5c00f20519e6bb6eb6756f51f1ad36564e649d,2,0.2079,0.2079,0.05544,0.05544,0.0693,0.05544,0.05544,0.693,1.0,702.232074,-0.21950364582763782,0.996726440206119,0.7772227943784812,decreasing,2,129,0,20000,review,2.0,2e-10,50.0,0,review
dia60al40-dem-artifacts-sizeE-pscale2-Emax96.417-mu0.693-wallmu1-seed0-settle1-vel50,needs_physics_calibration,1.0,0.9220063672448977,0.0,0.9220063672448977,increasing,E,96.417,50000,20000,3d5c00f20519e6bb6eb6756f51f1ad36564e649d,3,0.2079,0.2079,0.05544,0.05544,0.0693,0.05544,0.05544,0.693,1.0,702.232074,-0.21950364582763782,0.996726440206119,0.7772227943784812,decreasing,2,129,0,20000,review,2.0,2e-10,50.0,0,review
dia60al40-dem-artifacts-sizeE-pscale2-Emax96.417-mu0.693-wallmu1-seed0-settle1-vel50,needs_physics_calibration,0.8333333333333334,0.8800584864223133,0.0,0.8800584864223133,increasing,E,96.417,50000,20000,3d5c00f20519e6bb6eb6756f51f1ad36564e649d,4,0.2079,0.2079,0.05544,0.05544,0.0693,0.05544,0.05544,0.693,1.0,702.232074,-0.2789480824353848,0.996726440206119,0.7177783577707342,decreasing,2,129,0,20000,review,1.5,2e-10,50.0,0,review
dia60al40-dem-artifacts-sizeE-pscale2-Emax96.417-mu0.693-wallmu1-seed0-settle1-vel50,needs_physics_calibration,0.6666666666666666,0.64693592660029,0.0,0.64693592660029,increasing,E,96.417,50000,20000,3d5c00f20519e6bb6eb6756f51f1ad36564e649d,4,0.2079,0.2079,0.05544,0.05544,0.0693,0.05544,0.05544,0.693,1.0,702.232074,-0.21950364582763782,0.996726440206119,0.7772227943784812,decreasing,2,129,0,20000,review,2.0,2e-10,50.0,0,review
dia60al40-dem-artifacts-sizeE-pscale2-Emax96.417-mu0.693-wallmu1-seed1-settle1-vel50,candidate_pass,1.0,-0.9611726963370467,0.9611726963370467,0.0,decreasing,E,96.417,50000,20000,3d5c00f20519e6bb6eb6756f51f1ad36564e649d,2,0.2079,0.2079,0.05544,0.05544,0.0693,0.05544,0.05544,0.693,1.0,632.310044,0.14570709415728833,0.520785713486807,0.6664928076440954,increasing,2,129,1,20000,pass,0.05,2e-10,50.0,2,pass
dia60al40-dem-artifacts-sizeE-pscale2-Emax96.417-mu0.693-wallmu1-seed1-settle1-vel50,needs_d1_decrease,1.0,0.0,0.0,0.0,flat,E,96.417,50000,20000,3d5c00f20519e6bb6eb6756f51f1ad36564e649d,3,0.2079,0.2079,0.05544,0.05544,0.0693,0.05544,0.05544,0.693,1.0,632.310044,0.14570709415728833,0.520785713486807,0.6664928076440954,increasing,2,129,1,20000,review,0.05,2e-10,50.0,1,pass
dia60al40-dem-artifacts-sizeE-pscale2-Emax96.417-mu0.693-wallmu1-seed1-settle1-vel50,needs_d1_decrease,1.0,0.0,0.0,0.0,flat,E,96.417,50000,20000,3d5c00f20519e6bb6eb6756f51f1ad36564e649d,4,0.2079,0.2079,0.05544,0.05544,0.0693,0.05544,0.05544,0.693,1.0,632.310044,0.14570709415728833,0.520785713486807,0.6664928076440954,increasing,2,129,1,20000,review,0.05,2e-10,50.0,1,pass
dia60al40-dem-artifacts-sizeE-pscale2-Emax96.417-mu0.693-wallmu1-seed1-settle1-vel50,needs_participation_increase,1.0,-0.7739585818364145,0.7739585818364145,0.0,decreasing,E,96.417,50000,20000,3d5c00f20519e6bb6eb6756f51f1ad36564e649d,2,0.2079,0.2079,0.05544,0.05544,0.0693,0.05544,0.05544,0.693,1.0,632.310044,-0.13827670845968953,0.8109152552611899,0.6726385468015004,decreasing,2,129,1,20000,review,0.1,2e-10,50.0,1,pass
dia60al40-dem-artifacts-sizeE-pscale2-Emax96.417-mu0.693-wallmu1-seed1-settle1-vel50,needs_participation_increase,1.0,-0.7739585818364145,0.7739585818364145,0.0,decreasing,E,96.417,50000,20000,3d5c00f20519e6bb6eb6756f51f1ad36564e649d,2,0.2079,0.2079,0.05544,0.05544,0.0693,0.05544,0.05544,0.693,1.0,632.310044,-0.10653193252945337,0.8109152552611899,0.7043833227317365,decreasing,2,129,1,20000,review,0.25,2e-10,50.0,1,pass
dia60al40-dem-artifacts-sizeE-pscale2-Emax96.417-mu0.693-wallmu1-seed1-settle1-vel50,needs_participation_increase,1.0,-0.7739585818364145,0.7739585818364145,0.0,decreasing,E,96.417,50000,20000,3d5c00f20519e6bb6eb6756f51f1ad36564e649d,2,0.2079,0.2079,0.05544,0.05544,0.0693,0.05544,0.05544,0.693,1.0,632.310044,-0.02166073116046019,0.8109152552611899,0.7892545241007297,decreasing,2,129,1,20000,review,0.5,2e-10,50.0,1,pass
dia60al40-dem-artifacts-sizeE-pscale2-Emax96.417-mu0.693-wallmu1-seed1-settle1-vel50,needs_physics_calibration,1.0,0.0,0.0,0.0,flat,E,96.417,50000,20000,3d5c00f20519e6bb6eb6756f51f1ad36564e649d,3,0.2079,0.2079,0.05544,0.05544,0.0693,0.05544,0.05544,0.693,1.0,632.310044,-0.13827670845968953,0.8109152552611899,0.6726385468015004,decreasing,2,129,1,20000,review,0.1,2e-10,50.0,0,pass
dia60al40-dem-artifacts-sizeE-pscale2-Emax96.417-mu0.693-wallmu1-seed1-settle1-vel50,needs_physics_calibration,1.0,0.0,0.0,0.0,flat,E,96.417,50000,20000,3d5c00f20519e6bb6eb6756f51f1ad36564e649d,3,0.2079,0.2079,0.05544,0.05544,0.0693,0.05544,0.05544,0.693,1.0,632.310044,-0.10653193252945337,0.8109152552611899,0.7043833227317365,decreasing,2,129,1,20000,review,0.25,2e-10,50.0,0,pass
dia60al40-dem-artifacts-sizeE-pscale2-Emax96.417-mu0.693-wallmu1-seed1-settle1-vel50,needs_physics_calibration,1.0,0.0,0.0,0.0,flat,E,96.417,50000,20000,3d5c00f20519e6bb6eb6756f51f1ad36564e649d,3,0.2079,0.2079,0.05544,0.05544,0.0693,0.05544,0.05544,0.693,1.0,632.310044,-0.02166073116046019,0.8109152552611899,0.7892545241007297,decreasing,2,129,1,20000,review,0.5,2e-10,50.0,0,pass
dia60al40-dem-artifacts-sizeE-pscale2-Emax96.417-mu0.693-wallmu1-seed1-settle1-vel50,needs_physics_calibration,1.0,0.9783704550540792,0.0,0.9783704550540792,increasing,E,96.417,50000,20000,3d5c00f20519e6bb6eb6756f51f1ad36564e649d,2,0.2079,0.2079,0.05544,0.05544,0.0693,0.05544,0.05544,0.693,1.0,632.310044,-0.1261479731252031,0.9876511663561449,0.8615031932309418,decreasing,2,129,1,20000,review,0.75,2e-10,50.0,0,pass
dia60al40-dem-artifacts-sizeE-pscale2-Emax96.417-mu0.693-wallmu1-seed1-settle1-vel50,needs_physics_calibration,1.0,0.9783704550540792,0.0,0.9783704550540792,increasing,E,96.417,50000,20000,3d5c00f20519e6bb6eb6756f51f1ad36564e649d,3,0.2079,0.2079,0.05544,0.05544,0.0693,0.05544,0.05544,0.693,1.0,632.310044,-0.1261479731252031,0.9876511663561449,0.8615031932309418,decreasing,2,129,1,20000,review,0.75,2e-10,50.0,0,pass
dia60al40-dem-artifacts-sizeE-pscale2-Emax96.417-mu0.693-wallmu1-seed1-settle1-vel50,needs_physics_calibration,1.0,2.1548645023673982,0.0,2.1548645023673982,increasing,E,96.417,50000,20000,3d5c00f20519e6bb6eb6756f51f1ad36564e649d,2,0.2079,0.2079,0.05544,0.05544,0.0693,0.05544,0.05544,0.693,1.0,632.310044,-0.08193492383979517,0.9876511663561449,0.9057162425163497,decreasing,2,129,1,20000,review,1.0,2e-10,50.0,0,pass
dia60al40-dem-artifacts-sizeE-pscale2-Emax96.417-mu0.693-wallmu1-seed1-settle1-vel50,needs_physics_calibration,1.0,0.0,0.0,0.0,flat,E,96.417,50000,20000,3d5c00f20519e6bb6eb6756f51f1ad36564e649d,3,0.2079,0.2079,0.05544,0.05544,0.0693,0.05544,0.05544,0.693,1.0,632.310044,-0.08193492383979517,0.9876511663561449,0.9057162425163497,decreasing,2,129,1,20000,review,1.0,2e-10,50.0,0,pass
dia60al40-dem-artifacts-sizeE-pscale2-Emax96.417-mu0.693-wallmu1-seed1-settle1-vel50,needs_physics_calibration,1.0,1.5035435525770318,0.0,1.5035435525770318,increasing,E,96.417,50000,20000,3d5c00f20519e6bb6eb6756f51f1ad36564e649d,2,0.2079,0.2079,0.05544,0.05544,0.0693,0.05544,0.05544,0.693,1.0,632.310044,-0.04932072534411991,0.9876511663561449,0.938330441012025,decreasing,2,129,1,20000,review,1.25,2e-10,50.0,0,pass
dia60al40-dem-artifacts-sizeE-pscale2-Emax96.417-mu0.693-wallmu1-seed1-settle1-vel50,needs_physics_calibration,1.0,0.827985996627132,0.0,0.827985996627132,increasing,E,96.417,50000,20000,3d5c00f20519e6bb6eb6756f51f1ad36564e649d,3,0.2079,0.2079,0.05544,0.05544,0.0693,0.05544,0.05544,0.693,1.0,632.310044,-0.04932072534411991,0.9876511663561449,0.938330441012025,decreasing,2,129,1,20000,review,1.25,2e-10,50.0,0,pass
dia60al40-dem-artifacts-sizeE-pscale2-Emax96.417-mu0.693-wallmu1-seed1-settle1-vel50,needs_physics_calibration,1.0,0.9733152280101924,0.0,0.9733152280101924,increasing,E,96.417,50000,20000,3d5c00f20519e6bb6eb6756f51f1ad36564e649d,2,0.2079,0.2079,0.05544,0.05544,0.0693,0.05544,0.05544,0.693,1.0,632.310044,-0.02578292287169104,0.9876511663561449,0.9618682434844539,decreasing,2,129,1,20000,review,1.5,2e-10,50.0,0,pass
dia60al40-dem-artifacts-sizeE-pscale2-Emax96.417-mu0.693-wallmu1-seed1-settle1-vel50,needs_physics_calibration,1.0,0.6830586825547927,0.0,0.6830586825547927,increasing,E,96.417,50000,20000,3d5c00f20519e6bb6eb6756f51f1ad36564e649d,3,0.2079,0.2079,0.05544,0.05544,0.0693,0.05544,0.05544,0.693,1.0,632.310044,-0.02578292287169104,0.9876511663561449,0.9618682434844539,decreasing,2,129,1,20000,review,1.5,2e-10,50.0,0,pass
dia60al40-dem-artifacts-sizeE-pscale2-Emax96.417-mu0.693-wallmu1-seed1-settle1-vel50,needs_physics_calibration,1.0,0.7576091917544556,0.0,0.7576091917544556,increasing,E,96.417,50000,20000,3d5c00f20519e6bb6eb6756f51f1ad36564e649d,2,0.2079,0.2079,0.05544,0.05544,0.0693,0.05544,0.05544,0.693,1.0,632.310044,-0.02543737919839173,1.0,0.9745626208016083,decreasing,2,129,1,20000,review,2.0,2e-10,50.0,0,pass
dia60al40-dem-artifacts-sizeE-pscale2-Emax96.417-mu0.693-wallmu1-seed1-settle1-vel50,needs_physics_calibration,0.8333333333333334,0.0,0.0,0.0,flat,E,96.417,50000,20000,3d5c00f20519e6bb6eb6756f51f1ad36564e649d,4,0.2079,0.2079,0.05544,0.05544,0.0693,0.05544,0.05544,0.693,1.0,632.310044,-0.13827670845968953,0.8109152552611899,0.6726385468015004,decreasing,2,129,1,20000,review,0.1,2e-10,50.0,0,pass
dia60al40-dem-artifacts-sizeE-pscale2-Emax96.417-mu0.693-wallmu1-seed1-settle1-vel50,needs_physics_calibration,0.8333333333333334,0.0,0.0,0.0,flat,E,96.417,50000,20000,3d5c00f20519e6bb6eb6756f51f1ad36564e649d,4,0.2079,0.2079,0.05544,0.05544,0.0693,0.05544,0.05544,0.693,1.0,632.310044,-0.10653193252945337,0.8109152552611899,0.7043833227317365,decreasing,2,129,1,20000,review,0.25,2e-10,50.0,0,pass
dia60al40-dem-artifacts-sizeE-pscale2-Emax96.417-mu0.693-wallmu1-seed1-settle1-vel50,needs_physics_calibration,0.8333333333333334,0.0,0.0,0.0,flat,E,96.417,50000,20000,3d5c00f20519e6bb6eb6756f51f1ad36564e649d,4,0.2079,0.2079,0.05544,0.05544,0.0693,0.05544,0.05544,0.693,1.0,632.310044,-0.02166073116046019,0.8109152552611899,0.7892545241007297,decreasing,2,129,1,20000,review,0.5,2e-10,50.0,0,pass
dia60al40-dem-artifacts-sizeE-pscale2-Emax96.417-mu0.693-wallmu1-seed1-settle1-vel50,needs_physics_calibration,0.8333333333333334,0.9783704550540792,0.0,0.9783704550540792,increasing,E,96.417,50000,20000,3d5c00f20519e6bb6eb6756f51f1ad36564e649d,4,0.2079,0.2079,0.05544,0.05544,0.0693,0.05544,0.05544,0.693,1.0,632.310044,-0.1261479731252031,0.9876511663561449,0.8615031932309418,decreasing,2,129,1,20000,review,0.75,2e-10,50.0,0,pass
dia60al40-dem-artifacts-sizeE-pscale2-Emax96.417-mu0.693-wallmu1-seed1-settle1-vel50,needs_physics_calibration,0.8333333333333334,0.0,0.0,0.0,flat,E,96.417,50000,20000,3d5c00f20519e6bb6eb6756f51f1ad36564e649d,4,0.2079,0.2079,0.05544,0.05544,0.0693,0.05544,0.05544,0.693,1.0,632.310044,-0.08193492383979517,0.9876511663561449,0.9057162425163497,decreasing,2,129,1,20000,review,1.0,2e-10,50.0,0,pass
dia60al40-dem-artifacts-sizeE-pscale2-Emax96.417-mu0.693-wallmu1-seed1-settle1-vel50,needs_physics_calibration,0.8333333333333334,0.827985996627132,0.0,0.827985996627132,increasing,E,96.417,50000,20000,3d5c00f20519e6bb6eb6756f51f1ad36564e649d,4,0.2079,0.2079,0.05544,0.05544,0.0693,0.05544,0.05544,0.693,1.0,632.310044,-0.04932072534411991,0.9876511663561449,0.938330441012025,decreasing,2,129,1,20000,review,1.25,2e-10,50.0,0,pass
dia60al40-dem-artifacts-sizeE-pscale2-Emax96.417-mu0.693-wallmu1-seed1-settle1-vel50,needs_physics_calibration,0.8333333333333334,0.5955714552616516,0.0,0.5955714552616516,increasing,E,96.417,50000,20000,3d5c00f20519e6bb6eb6756f51f1ad36564e649d,3,0.2079,0.2079,0.05544,0.05544,0.0693,0.05544,0.05544,0.693,1.0,632.310044,-0.02543737919839173,1.0,0.9745626208016083,decreasing,2,129,1,20000,review,2.0,2e-10,50.0,0,pass
dia60al40-dem-artifacts-sizeE-pscale2-Emax96.417-mu0.693-wallmu1-seed1-settle1-vel50,needs_physics_calibration,0.6666666666666666,0.56994568304344,0.0,0.56994568304344,increasing,E,96.417,50000,20000,3d5c00f20519e6bb6eb6756f51f1ad36564e649d,4,0.2079,0.2079,0.05544,0.05544,0.0693,0.05544,0.05544,0.693,1.0,632.310044,-0.02578292287169104,0.9876511663561449,0.9618682434844539,decreasing,2,129,1,20000,review,1.5,2e-10,50.0,0,pass
dia60al40-dem-artifacts-sizeE-pscale2-Emax96.417-mu0.693-wallmu1-seed1-settle1-vel50,needs_physics_calibration,0.5,0.3422830270285856,0.0,0.3422830270285856,increasing,E,96.417,50000,20000,3d5c00f20519e6bb6eb6756f51f1ad36564e649d,4,0.2079,0.2079,0.05544,0.05544,0.0693,0.05544,0.05544,0.693,1.0,632.310044,-0.02543737919839173,1.0,0.9745626208016083,decreasing,2,129,1,20000,review,2.0,2e-10,50.0,0,pass
dia60al40-dem-artifacts-sizeE-pscale2-Emax96.417-mu0.693-wallmu1-seed2-settle1-vel50,candidate_pass,1.0,-0.9423744710599662,0.9423744710599662,0.0,decreasing,E,96.417,50000,20000,3d5c00f20519e6bb6eb6756f51f1ad36564e649d,2,0.2079,0.2079,0.05544,0.05544,0.0693,0.05544,0.05544,0.693,1.0,626.607833,0.007142698859921803,0.7055073846129474,0.7126500834728692,increasing,2,129,2,20000,pass,0.1,2e-10,50.0,2,pass
dia60al40-dem-artifacts-sizeE-pscale2-Emax96.417-mu0.693-wallmu1-seed2-settle1-vel50,needs_participation_increase,1.0,-0.9423744710599662,0.9423744710599662,0.0,decreasing,E,96.417,50000,20000,3d5c00f20519e6bb6eb6756f51f1ad36564e649d,2,0.2079,0.2079,0.05544,0.05544,0.0693,0.05544,0.05544,0.693,1.0,626.607833,-0.011007933531729797,0.7055073846129474,0.6944994510812176,decreasing,2,129,2,20000,review,0.05,2e-10,50.0,1,pass
dia60al40-dem-artifacts-sizeE-pscale2-Emax96.417-mu0.693-wallmu1-seed2-settle1-vel50,needs_d1_decrease,1.0,0.0,0.0,0.0,flat,E,96.417,50000,20000,3d5c00f20519e6bb6eb6756f51f1ad36564e649d,3,0.2079,0.2079,0.05544,0.05544,0.0693,0.05544,0.05544,0.693,1.0,626.607833,0.007142698859921803,0.7055073846129474,0.7126500834728692,increasing,2,129,2,20000,review,0.1,2e-10,50.0,1,pass
dia60al40-dem-artifacts-sizeE-pscale2-Emax96.417-mu0.693-wallmu1-seed2-settle1-vel50,needs_d1_decrease,0.8333333333333334,0.0,0.0,0.0,flat,E,96.417,50000,20000,3d5c00f20519e6bb6eb6756f51f1ad36564e649d,4,0.2079,0.2079,0.05544,0.05544,0.0693,0.05544,0.05544,0.693,1.0,626.607833,0.007142698859921803,0.7055073846129474,0.7126500834728692,increasing,2,129,2,20000,review,0.1,2e-10,50.0,1,pass
dia60al40-dem-artifacts-sizeE-pscale2-Emax96.417-mu0.693-wallmu1-seed2-settle1-vel50,needs_d1_decrease,0.8333333333333334,0.7942074886171215,0.0,0.7942074886171215,increasing,E,96.417,50000,20000,3d5c00f20519e6bb6eb6756f51f1ad36564e649d,2,0.2079,0.2079,0.05544,0.05544,0.0693,0.05544,0.05544,0.693,1.0,626.607833,0.9602401497527953,0.0,0.9602401497527953,increasing,2,129,2,20000,review,2.0,2e-10,50.0,1,pass
dia60al40-dem-artifacts-sizeE-pscale2-Emax96.417-mu0.693-wallmu1-seed2-settle1-vel50,needs_d1_decrease,0.8333333333333334,0.5775784189904314,0.0,0.5775784189904314,increasing,E,96.417,50000,20000,3d5c00f20519e6bb6eb6756f51f1ad36564e649d,3,0.2079,0.2079,0.05544,0.05544,0.0693,0.05544,0.05544,0.693,1.0,626.607833,0.9602401497527953,0.0,0.9602401497527953,increasing,2,129,2,20000,review,2.0,2e-10,50.0,1,pass
dia60al40-dem-artifacts-sizeE-pscale2-Emax96.417-mu0.693-wallmu1-seed2-settle1-vel50,needs_d1_decrease,0.8333333333333334,0.4205212829366568,0.0,0.4205212829366568,increasing,E,96.417,50000,20000,3d5c00f20519e6bb6eb6756f51f1ad36564e649d,4,0.2079,0.2079,0.05544,0.05544,0.0693,0.05544,0.05544,0.693,1.0,626.607833,0.9602401497527953,0.0,0.9602401497527953,increasing,2,129,2,20000,review,2.0,2e-10,50.0,1,pass
dia60al40-dem-artifacts-sizeE-pscale2-Emax96.417-mu0.693-wallmu1-seed2-settle1-vel50,needs_physics_calibration,1.0,0.0,0.0,0.0,flat,E,96.417,50000,20000,3d5c00f20519e6bb6eb6756f51f1ad36564e649d,3,0.2079,0.2079,0.05544,0.05544,0.0693,0.05544,0.05544,0.693,1.0,626.607833,-0.011007933531729797,0.7055073846129474,0.6944994510812176,decreasing,2,129,2,20000,review,0.05,2e-10,50.0,0,pass
dia60al40-dem-artifacts-sizeE-pscale2-Emax96.417-mu0.693-wallmu1-seed2-settle1-vel50,needs_physics_calibration,1.0,0.0,0.0,0.0,flat,E,96.417,50000,20000,3d5c00f20519e6bb6eb6756f51f1ad36564e649d,2,0.2079,0.2079,0.05544,0.05544,0.0693,0.05544,0.05544,0.693,1.0,626.607833,-0.2383573159732849,0.9999136978922772,0.7615563819189923,decreasing,2,129,2,20000,review,0.25,2e-10,50.0,0,pass
dia60al40-dem-artifacts-sizeE-pscale2-Emax96.417-mu0.693-wallmu1-seed2-settle1-vel50,needs_physics_calibration,1.0,0.0,0.0,0.0,flat,E,96.417,50000,20000,3d5c00f20519e6bb6eb6756f51f1ad36564e649d,3,0.2079,0.2079,0.05544,0.05544,0.0693,0.05544,0.05544,0.693,1.0,626.607833,-0.2383573159732849,0.9999136978922772,0.7615563819189923,decreasing,2,129,2,20000,review,0.25,2e-10,50.0,0,pass
dia60al40-dem-artifacts-sizeE-pscale2-Emax96.417-mu0.693-wallmu1-seed2-settle1-vel50,needs_physics_calibration,1.0,0.0,0.0,0.0,flat,E,96.417,50000,20000,3d5c00f20519e6bb6eb6756f51f1ad36564e649d,2,0.2079,0.2079,0.05544,0.05544,0.0693,0.05544,0.05544,0.693,1.0,626.607833,-0.1873018838384407,0.9999136978922772,0.8126118140538365,decreasing,2,129,2,20000,review,0.5,2e-10,50.0,0,pass
dia60al40-dem-artifacts-sizeE-pscale2-Emax96.417-mu0.693-wallmu1-seed2-settle1-vel50,needs_physics_calibration,1.0,0.0,0.0,0.0,flat,E,96.417,50000,20000,3d5c00f20519e6bb6eb6756f51f1ad36564e649d,3,0.2079,0.2079,0.05544,0.05544,0.0693,0.05544,0.05544,0.693,1.0,626.607833,-0.1873018838384407,0.9999136978922772,0.8126118140538365,decreasing,2,129,2,20000,review,0.5,2e-10,50.0,0,pass
dia60al40-dem-artifacts-sizeE-pscale2-Emax96.417-mu0.693-wallmu1-seed2-settle1-vel50,needs_physics_calibration,1.0,0.0,0.0,0.0,flat,E,96.417,50000,20000,3d5c00f20519e6bb6eb6756f51f1ad36564e649d,2,0.2079,0.2079,0.05544,0.05544,0.0693,0.05544,0.05544,0.693,1.0,626.607833,-0.1354911314376116,0.9999136978922772,0.8644225664546656,decreasing,2,129,2,20000,review,0.75,2e-10,50.0,0,pass
dia60al40-dem-artifacts-sizeE-pscale2-Emax96.417-mu0.693-wallmu1-seed2-settle1-vel50,needs_physics_calibration,1.0,0.0,0.0,0.0,flat,E,96.417,50000,20000,3d5c00f20519e6bb6eb6756f51f1ad36564e649d,3,0.2079,0.2079,0.05544,0.05544,0.0693,0.05544,0.05544,0.693,1.0,626.607833,-0.1354911314376116,0.9999136978922772,0.8644225664546656,decreasing,2,129,2,20000,review,0.75,2e-10,50.0,0,pass
dia60al40-dem-artifacts-sizeE-pscale2-Emax96.417-mu0.693-wallmu1-seed2-settle1-vel50,needs_physics_calibration,1.0,0.9724093847280388,0.0,0.9724093847280388,increasing,E,96.417,50000,20000,3d5c00f20519e6bb6eb6756f51f1ad36564e649d,2,0.2079,0.2079,0.05544,0.05544,0.0693,0.05544,0.05544,0.693,1.0,626.607833,-0.098644803029312,0.9999136978922772,0.9012688948629652,decreasing,2,129,2,20000,review,1.0,2e-10,50.0,0,pass
dia60al40-dem-artifacts-sizeE-pscale2-Emax96.417-mu0.693-wallmu1-seed2-settle1-vel50,needs_physics_calibration,1.0,0.9724093847280388,0.0,0.9724093847280388,increasing,E,96.417,50000,20000,3d5c00f20519e6bb6eb6756f51f1ad36564e649d,3,0.2079,0.2079,0.05544,0.05544,0.0693,0.05544,0.05544,0.693,1.0,626.607833,-0.098644803029312,0.9999136978922772,0.9012688948629652,decreasing,2,129,2,20000,review,1.0,2e-10,50.0,0,pass
dia60al40-dem-artifacts-sizeE-pscale2-Emax96.417-mu0.693-wallmu1-seed2-settle1-vel50,needs_physics_calibration,1.0,1.1012678233311404,0.0,1.1012678233311404,increasing,E,96.417,50000,20000,3d5c00f20519e6bb6eb6756f51f1ad36564e649d,2,0.2079,0.2079,0.05544,0.05544,0.0693,0.05544,0.05544,0.693,1.0,626.607833,-0.06939743942233556,0.9999136978922772,0.9305162584699417,decreasing,2,129,2,20000,review,1.25,2e-10,50.0,0,pass
dia60al40-dem-artifacts-sizeE-pscale2-Emax96.417-mu0.693-wallmu1-seed2-settle1-vel50,needs_physics_calibration,1.0,0.6612824210272579,0.0,0.6612824210272579,increasing,E,96.417,50000,20000,3d5c00f20519e6bb6eb6756f51f1ad36564e649d,3,0.2079,0.2079,0.05544,0.05544,0.0693,0.05544,0.05544,0.693,1.0,626.607833,-0.06939743942233556,0.9999136978922772,0.9305162584699417,decreasing,2,129,2,20000,review,1.25,2e-10,50.0,0,pass
dia60al40-dem-artifacts-sizeE-pscale2-Emax96.417-mu0.693-wallmu1-seed2-settle1-vel50,needs_physics_calibration,1.0,0.7757205325623795,0.0,0.7757205325623795,increasing,E,96.417,50000,20000,3d5c00f20519e6bb6eb6756f51f1ad36564e649d,2,0.2079,0.2079,0.05544,0.05544,0.0693,0.05544,0.05544,0.693,1.0,626.607833,-0.05420515220920419,0.9999136978922772,0.945708545683073,decreasing,2,129,2,20000,review,1.5,2e-10,50.0,0,pass
dia60al40-dem-artifacts-sizeE-pscale2-Emax96.417-mu0.693-wallmu1-seed2-settle1-vel50,needs_physics_calibration,1.0,0.5788226407479963,0.0,0.5788226407479963,increasing,E,96.417,50000,20000,3d5c00f20519e6bb6eb6756f51f1ad36564e649d,3,0.2079,0.2079,0.05544,0.05544,0.0693,0.05544,0.05544,0.693,1.0,626.607833,-0.05420515220920419,0.9999136978922772,0.945708545683073,decreasing,2,129,2,20000,review,1.5,2e-10,50.0,0,pass
dia60al40-dem-artifacts-sizeE-pscale2-Emax96.417-mu0.693-wallmu1-seed2-settle1-vel50,needs_physics_calibration,0.8333333333333334,0.0,0.0,0.0,flat,E,96.417,50000,20000,3d5c00f20519e6bb6eb6756f51f1ad36564e649d,4,0.2079,0.2079,0.05544,0.05544,0.0693,0.05544,0.05544,0.693,1.0,626.607833,-0.011007933531729797,0.7055073846129474,0.6944994510812176,decreasing,2,129,2,20000,review,0.05,2e-10,50.0,0,pass
dia60al40-dem-artifacts-sizeE-pscale2-Emax96.417-mu0.693-wallmu1-seed2-settle1-vel50,needs_physics_calibration,0.8333333333333334,0.0,0.0,0.0,flat,E,96.417,50000,20000,3d5c00f20519e6bb6eb6756f51f1ad36564e649d,4,0.2079,0.2079,0.05544,0.05544,0.0693,0.05544,0.05544,0.693,1.0,626.607833,-0.2383573159732849,0.9999136978922772,0.7615563819189923,decreasing,2,129,2,20000,review,0.25,2e-10,50.0,0,pass
dia60al40-dem-artifacts-sizeE-pscale2-Emax96.417-mu0.693-wallmu1-seed2-settle1-vel50,needs_physics_calibration,0.8333333333333334,0.0,0.0,0.0,flat,E,96.417,50000,20000,3d5c00f20519e6bb6eb6756f51f1ad36564e649d,4,0.2079,0.2079,0.05544,0.05544,0.0693,0.05544,0.05544,0.693,1.0,626.607833,-0.1873018838384407,0.9999136978922772,0.8126118140538365,decreasing,2,129,2,20000,review,0.5,2e-10,50.0,0,pass
dia60al40-dem-artifacts-sizeE-pscale2-Emax96.417-mu0.693-wallmu1-seed2-settle1-vel50,needs_physics_calibration,0.8333333333333334,0.0,0.0,0.0,flat,E,96.417,50000,20000,3d5c00f20519e6bb6eb6756f51f1ad36564e649d,4,0.2079,0.2079,0.05544,0.05544,0.0693,0.05544,0.05544,0.693,1.0,626.607833,-0.1354911314376116,0.9999136978922772,0.8644225664546656,decreasing,2,129,2,20000,review,0.75,2e-10,50.0,0,pass
dia60al40-dem-artifacts-sizeE-pscale2-Emax96.417-mu0.693-wallmu1-seed2-settle1-vel50,needs_physics_calibration,0.8333333333333334,0.0,0.0,0.0,flat,E,96.417,50000,20000,3d5c00f20519e6bb6eb6756f51f1ad36564e649d,4,0.2079,0.2079,0.05544,0.05544,0.0693,0.05544,0.05544,0.693,1.0,626.607833,-0.098644803029312,0.9999136978922772,0.9012688948629652,decreasing,2,129,2,20000,review,1.0,2e-10,50.0,0,pass
dia60al40-dem-artifacts-sizeE-pscale2-Emax96.417-mu0.693-wallmu1-seed2-settle1-vel50,needs_physics_calibration,0.8333333333333334,0.5160546916633274,0.0,0.5160546916633274,increasing,E,96.417,50000,20000,3d5c00f20519e6bb6eb6756f51f1ad36564e649d,4,0.2079,0.2079,0.05544,0.05544,0.0693,0.05544,0.05544,0.693,1.0,626.607833,-0.06939743942233556,0.9999136978922772,0.9305162584699417,decreasing,2,129,2,20000,review,1.25,2e-10,50.0,0,pass
dia60al40-dem-artifacts-sizeE-pscale2-Emax96.417-mu0.693-wallmu1-seed2-settle1-vel50,needs_physics_calibration,0.8333333333333334,0.4647258547959523,0.0,0.4647258547959523,increasing,E,96.417,50000,20000,3d5c00f20519e6bb6eb6756f51f1ad36564e649d,4,0.2079,0.2079,0.05544,0.05544,0.0693,0.05544,0.05544,0.693,1.0,626.607833,-0.05420515220920419,0.9999136978922772,0.945708545683073,decreasing,2,129,2,20000,review,1.5,2e-10,50.0,0,pass
dia60al40-dem-artifacts-sizeE-pscale2-Emax96.417-mu0.693-wallmu1-seed3-settle1-vel50,candidate_pass,1.0,-1.6400582512902004,1.6400582512902004,0.0,decreasing,E,96.417,50000,20000,3d5c00f20519e6bb6eb6756f51f1ad36564e649d,2,0.2079,0.2079,0.05544,0.05544,0.0693,0.05544,0.05544,0.693,1.0,585.884078,0.4457571199090523,0.24185316357076017,0.6876102834798125,increasing,2,129,3,20000,pass,0.05,2e-10,50.0,2,pass
dia60al40-dem-artifacts-sizeE-pscale2-Emax96.417-mu0.693-wallmu1-seed3-settle1-vel50,candidate_pass,1.0,-1.6369111649978727,1.6369111649978727,0.0,decreasing,E,96.417,50000,20000,3d5c00f20519e6bb6eb6756f51f1ad36564e649d,2,0.2079,0.2079,0.05544,0.05544,0.0693,0.05544,0.05544,0.693,1.0,585.884078,0.4250447680329324,0.2772762782814398,0.7023210463143722,increasing,2,129,3,20000,pass,0.1,2e-10,50.0,2,pass
dia60al40-dem-artifacts-sizeE-pscale2-Emax96.417-mu0.693-wallmu1-seed3-settle1-vel50,candidate_pass,1.0,-1.1561905943199668,1.1561905943199668,0.0,decreasing,E,96.417,50000,20000,3d5c00f20519e6bb6eb6756f51f1ad36564e649d,2,0.2079,0.2079,0.05544,0.05544,0.0693,0.05544,0.05544,0.693,1.0,585.884078,0.3620349491138756,0.39298704281358926,0.7550219919274649,increasing,2,129,3,20000,pass,0.25,2e-10,50.0,2,pass
dia60al40-dem-artifacts-sizeE-pscale2-Emax96.417-mu0.693-wallmu1-seed3-settle1-vel50,candidate_pass,1.0,-1.1561905943199668,1.1561905943199668,0.0,decreasing,E,96.417,50000,20000,3d5c00f20519e6bb6eb6756f51f1ad36564e649d,2,0.2079,0.2079,0.05544,0.05544,0.0693,0.05544,0.05544,0.693,1.0,585.884078,0.41786593966132485,0.39298704281358926,0.8108529824749141,increasing,2,129,3,20000,pass,0.5,2e-10,50.0,2,pass
dia60al40-dem-artifacts-sizeE-pscale2-Emax96.417-mu0.693-wallmu1-seed3-settle1-vel50,needs_d1_decrease,1.0,0.0,0.0,0.0,flat,E,96.417,50000,20000,3d5c00f20519e6bb6eb6756f51f1ad36564e649d,3,0.2079,0.2079,0.05544,0.05544,0.0693,0.05544,0.05544,0.693,1.0,585.884078,0.4457571199090523,0.24185316357076017,0.6876102834798125,increasing,2,129,3,20000,review,0.05,2e-10,50.0,1,pass
dia60al40-dem-artifacts-sizeE-pscale2-Emax96.417-mu0.693-wallmu1-seed3-settle1-vel50,needs_d1_decrease,1.0,0.0,0.0,0.0,flat,E,96.417,50000,20000,3d5c00f20519e6bb6eb6756f51f1ad36564e649d,4,0.2079,0.2079,0.05544,0.05544,0.0693,0.05544,0.05544,0.693,1.0,585.884078,0.4457571199090523,0.24185316357076017,0.6876102834798125,increasing,2,129,3,20000,review,0.05,2e-10,50.0,1,pass
dia60al40-dem-artifacts-sizeE-pscale2-Emax96.417-mu0.693-wallmu1-seed3-settle1-vel50,needs_d1_decrease,1.0,0.0,0.0,0.0,flat,E,96.417,50000,20000,3d5c00f20519e6bb6eb6756f51f1ad36564e649d,3,0.2079,0.2079,0.05544,0.05544,0.0693,0.05544,0.05544,0.693,1.0,585.884078,0.4250447680329324,0.2772762782814398,0.7023210463143722,increasing,2,129,3,20000,review,0.1,2e-10,50.0,1,pass
dia60al40-dem-artifacts-sizeE-pscale2-Emax96.417-mu0.693-wallmu1-seed3-settle1-vel50,needs_d1_decrease,1.0,0.0,0.0,0.0,flat,E,96.417,50000,20000,3d5c00f20519e6bb6eb6756f51f1ad36564e649d,3,0.2079,0.2079,0.05544,0.05544,0.0693,0.05544,0.05544,0.693,1.0,585.884078,0.3620349491138756,0.39298704281358926,0.7550219919274649,increasing,2,129,3,20000,review,0.25,2e-10,50.0,1,pass
dia60al40-dem-artifacts-sizeE-pscale2-Emax96.417-mu0.693-wallmu1-seed3-settle1-vel50,needs_d1_decrease,1.0,0.0,0.0,0.0,flat,E,96.417,50000,20000,3d5c00f20519e6bb6eb6756f51f1ad36564e649d,3,0.2079,0.2079,0.05544,0.05544,0.0693,0.05544,0.05544,0.693,1.0,585.884078,0.41786593966132485,0.39298704281358926,0.8108529824749141,increasing,2,129,3,20000,review,0.5,2e-10,50.0,1,pass
dia60al40-dem-artifacts-sizeE-pscale2-Emax96.417-mu0.693-wallmu1-seed3-settle1-vel50,needs_d1_decrease,1.0,0.0,0.0,0.0,flat,E,96.417,50000,20000,3d5c00f20519e6bb6eb6756f51f1ad36564e649d,2,0.2079,0.2079,0.05544,0.05544,0.0693,0.05544,0.05544,0.693,1.0,585.884078,0.24805776978265548,0.6135441031303058,0.8616018729129613,increasing,2,129,3,20000,review,0.75,2e-10,50.0,1,pass
dia60al40-dem-artifacts-sizeE-pscale2-Emax96.417-mu0.693-wallmu1-seed3-settle1-vel50,needs_d1_decrease,1.0,0.0,0.0,0.0,flat,E,96.417,50000,20000,3d5c00f20519e6bb6eb6756f51f1ad36564e649d,3,0.2079,0.2079,0.05544,0.05544,0.0693,0.05544,0.05544,0.693,1.0,585.884078,0.24805776978265548,0.6135441031303058,0.8616018729129613,increasing,2,129,3,20000,review,0.75,2e-10,50.0,1,pass
dia60al40-dem-artifacts-sizeE-pscale2-Emax96.417-mu0.693-wallmu1-seed3-settle1-vel50,needs_d1_decrease,0.8333333333333334,0.0,0.0,0.0,flat,E,96.417,50000,20000,3d5c00f20519e6bb6eb6756f51f1ad36564e649d,4,0.2079,0.2079,0.05544,0.05544,0.0693,0.05544,0.05544,0.693,1.0,585.884078,0.4250447680329324,0.2772762782814398,0.7023210463143722,increasing,2,129,3,20000,review,0.1,2e-10,50.0,1,pass
dia60al40-dem-artifacts-sizeE-pscale2-Emax96.417-mu0.693-wallmu1-seed3-settle1-vel50,needs_d1_decrease,0.8333333333333334,0.0,0.0,0.0,flat,E,96.417,50000,20000,3d5c00f20519e6bb6eb6756f51f1ad36564e649d,4,0.2079,0.2079,0.05544,0.05544,0.0693,0.05544,0.05544,0.693,1.0,585.884078,0.3620349491138756,0.39298704281358926,0.7550219919274649,increasing,2,129,3,20000,review,0.25,2e-10,50.0,1,pass
dia60al40-dem-artifacts-sizeE-pscale2-Emax96.417-mu0.693-wallmu1-seed3-settle1-vel50,needs_d1_decrease,0.8333333333333334,0.0,0.0,0.0,flat,E,96.417,50000,20000,3d5c00f20519e6bb6eb6756f51f1ad36564e649d,4,0.2079,0.2079,0.05544,0.05544,0.0693,0.05544,0.05544,0.693,1.0,585.884078,0.41786593966132485,0.39298704281358926,0.8108529824749141,increasing,2,129,3,20000,review,0.5,2e-10,50.0,1,pass
dia60al40-dem-artifacts-sizeE-pscale2-Emax96.417-mu0.693-wallmu1-seed3-settle1-vel50,needs_d1_decrease,0.8333333333333334,0.0,0.0,0.0,flat,E,96.417,50000,20000,3d5c00f20519e6bb6eb6756f51f1ad36564e649d,4,0.2079,0.2079,0.05544,0.05544,0.0693,0.05544,0.05544,0.693,1.0,585.884078,0.24805776978265548,0.6135441031303058,0.8616018729129613,increasing,2,129,3,20000,review,0.75,2e-10,50.0,1,pass
dia60al40-dem-artifacts-sizeE-pscale2-Emax96.417-mu0.693-wallmu1-seed3-settle1-vel50,needs_physics_calibration,1.0,0.0,0.0,0.0,flat,E,96.417,50000,20000,3d5c00f20519e6bb6eb6756f51f1ad36564e649d,2,0.2079,0.2079,0.05544,0.05544,0.0693,0.05544,0.05544,0.693,1.0,585.884078,-0.10347327574274334,1.0,0.8965267242572567,decreasing,2,129,3,20000,review,1.0,2e-10,50.0,0,pass
dia60al40-dem-artifacts-sizeE-pscale2-Emax96.417-mu0.693-wallmu1-seed3-settle1-vel50,needs_physics_calibration,1.0,1.378438234258906,0.0,1.378438234258906,increasing,E,96.417,50000,20000,3d5c00f20519e6bb6eb6756f51f1ad36564e649d,2,0.2079,0.2079,0.05544,0.05544,0.0693,0.05544,0.05544,0.693,1.0,585.884078,-0.07708117919543656,1.0,0.9229188208045634,decreasing,2,129,3,20000,review,1.25,2e-10,50.0,0,pass
dia60al40-dem-artifacts-sizeE-pscale2-Emax96.417-mu0.693-wallmu1-seed3-settle1-vel50,needs_physics_calibration,1.0,1.372908917640778,0.0,1.372908917640778,increasing,E,96.417,50000,20000,3d5c00f20519e6bb6eb6756f51f1ad36564e649d,2,0.2079,0.2079,0.05544,0.05544,0.0693,0.05544,0.05544,0.693,1.0,585.884078,-0.05688739411507482,1.0,0.9431126058849252,decreasing,2,129,3,20000,review,1.5,2e-10,50.0,0,pass
dia60al40-dem-artifacts-sizeE-pscale2-Emax96.417-mu0.693-wallmu1-seed3-settle1-vel50,needs_physics_calibration,1.0,1.135402244561578,0.0,1.135402244561578,increasing,E,96.417,50000,20000,3d5c00f20519e6bb6eb6756f51f1ad36564e649d,2,0.2079,0.2079,0.05544,0.05544,0.0693,0.05544,0.05544,0.693,1.0,585.884078,-0.028964468981711233,1.0,0.9710355310182888,decreasing,2,129,3,20000,review,2.0,2e-10,50.0,0,pass
dia60al40-dem-artifacts-sizeE-pscale2-Emax96.417-mu0.693-wallmu1-seed3-settle1-vel50,needs_physics_calibration,0.8333333333333334,0.0,0.0,0.0,flat,E,96.417,50000,20000,3d5c00f20519e6bb6eb6756f51f1ad36564e649d,3,0.2079,0.2079,0.05544,0.05544,0.0693,0.05544,0.05544,0.693,1.0,585.884078,-0.10347327574274334,1.0,0.8965267242572567,decreasing,2,129,3,20000,review,1.0,2e-10,50.0,0,pass
dia60al40-dem-artifacts-sizeE-pscale2-Emax96.417-mu0.693-wallmu1-seed3-settle1-vel50,needs_physics_calibration,0.8333333333333334,0.0,0.0,0.0,flat,E,96.417,50000,20000,3d5c00f20519e6bb6eb6756f51f1ad36564e649d,4,0.2079,0.2079,0.05544,0.05544,0.0693,0.05544,0.05544,0.693,1.0,585.884078,-0.10347327574274334,1.0,0.8965267242572567,decreasing,2,129,3,20000,review,1.0,2e-10,50.0,0,pass
dia60al40-dem-artifacts-sizeE-pscale2-Emax96.417-mu0.693-wallmu1-seed3-settle1-vel50,needs_physics_calibration,0.8333333333333334,1.2382403016655286,0.0,1.2382403016655286,increasing,E,96.417,50000,20000,3d5c00f20519e6bb6eb6756f51f1ad36564e649d,3,0.2079,0.2079,0.05544,0.05544,0.0693,0.05544,0.05544,0.693,1.0,585.884078,-0.07708117919543656,1.0,0.9229188208045634,decreasing,2,129,3,20000,review,1.25,2e-10,50.0,0,pass
dia60al40-dem-artifacts-sizeE-pscale2-Emax96.417-mu0.693-wallmu1-seed3-settle1-vel50,needs_physics_calibration,0.8333333333333334,1.0906486447764074,0.0,1.0906486447764074,increasing,E,96.417,50000,20000,3d5c00f20519e6bb6eb6756f51f1ad36564e649d,4,0.2079,0.2079,0.05544,0.05544,0.0693,0.05544,0.05544,0.693,1.0,585.884078,-0.07708117919543656,1.0,0.9229188208045634,decreasing,2,129,3,20000,review,1.25,2e-10,50.0,0,pass
dia60al40-dem-artifacts-sizeE-pscale2-Emax96.417-mu0.693-wallmu1-seed3-settle1-vel50,needs_physics_calibration,0.8333333333333334,0.8488859445232917,0.0,0.8488859445232917,increasing,E,96.417,50000,20000,3d5c00f20519e6bb6eb6756f51f1ad36564e649d,3,0.2079,0.2079,0.05544,0.05544,0.0693,0.05544,0.05544,0.693,1.0,585.884078,-0.05688739411507482,1.0,0.9431126058849252,decreasing,2,129,3,20000,review,1.5,2e-10,50.0,0,pass
dia60al40-dem-artifacts-sizeE-pscale2-Emax96.417-mu0.693-wallmu1-seed3-settle1-vel50,needs_physics_calibration,0.8333333333333334,0.718432763097841,0.0,0.718432763097841,increasing,E,96.417,50000,20000,3d5c00f20519e6bb6eb6756f51f1ad36564e649d,4,0.2079,0.2079,0.05544,0.05544,0.0693,0.05544,0.05544,0.693,1.0,585.884078,-0.05688739411507482,1.0,0.9431126058849252,decreasing,2,129,3,20000,review,1.5,2e-10,50.0,0,pass
dia60al40-dem-artifacts-sizeE-pscale2-Emax96.417-mu0.693-wallmu1-seed3-settle1-vel50,needs_physics_calibration,0.8333333333333334,0.6647204219513182,0.0,0.6647204219513182,increasing,E,96.417,50000,20000,3d5c00f20519e6bb6eb6756f51f1ad36564e649d,3,0.2079,0.2079,0.05544,0.05544,0.0693,0.05544,0.05544,0.693,1.0,585.884078,-0.028964468981711233,1.0,0.9710355310182888,decreasing,2,129,3,20000,review,2.0,2e-10,50.0,0,pass
dia60al40-dem-artifacts-sizeE-pscale2-Emax96.417-mu0.693-wallmu1-seed3-settle1-vel50,needs_physics_calibration,0.8333333333333334,0.5345328746003929,0.0,0.5345328746003929,increasing,E,96.417,50000,20000,3d5c00f20519e6bb6eb6756f51f1ad36564e649d,4,0.2079,0.2079,0.05544,0.05544,0.0693,0.05544,0.05544,0.693,1.0,585.884078,-0.028964468981711233,1.0,0.9710355310182888,decreasing,2,129,3,20000,review,2.0,2e-10,50.0,0,pass
dia60al40-dem-artifacts-sizeE-pscale2-Emax96.417-mu0.693-wallmu1-seed4-settle1-vel50,candidate_pass,1.0,-0.9451094887296574,0.9451094887296574,0.0,decreasing,E,96.417,50000,20000,3d5c00f20519e6bb6eb6756f51f1ad36564e649d,2,0.2079,0.2079,0.05544,0.05544,0.0693,0.05544,0.05544,0.693,1.0,674.619189,0.10029043919908831,0.5661510812095086,0.6664415204085969,increasing,2,129,4,20000,pass,0.05,2e-10,50.0,2,pass
dia60al40-dem-artifacts-sizeE-pscale2-Emax96.417-mu0.693-wallmu1-seed4-settle1-vel50,candidate_pass,1.0,-0.9446653547124442,0.9446653547124442,0.0,decreasing,E,96.417,50000,20000,3d5c00f20519e6bb6eb6756f51f1ad36564e649d,2,0.2079,0.2079,0.05544,0.05544,0.0693,0.05544,0.05544,0.693,1.0,674.619189,0.060425403216500806,0.6192250973331143,0.6796505005496151,increasing,2,129,4,20000,pass,0.1,2e-10,50.0,2,pass
dia60al40-dem-artifacts-sizeE-pscale2-Emax96.417-mu0.693-wallmu1-seed4-settle1-vel50,candidate_pass,1.0,-0.9435350171407176,0.9435350171407176,0.0,decreasing,E,96.417,50000,20000,3d5c00f20519e6bb6eb6756f51f1ad36564e649d,2,0.2079,0.2079,0.05544,0.05544,0.0693,0.05544,0.05544,0.693,1.0,674.619189,0.05361969133777633,0.6705141244365355,0.7241338157743118,increasing,2,129,4,20000,pass,0.25,2e-10,50.0,2,pass
dia60al40-dem-artifacts-sizeE-pscale2-Emax96.417-mu0.693-wallmu1-seed4-settle1-vel50,needs_d1_decrease,1.0,0.0,0.0,0.0,flat,E,96.417,50000,20000,3d5c00f20519e6bb6eb6756f51f1ad36564e649d,3,0.2079,0.2079,0.05544,0.05544,0.0693,0.05544,0.05544,0.693,1.0,674.619189,0.10029043919908831,0.5661510812095086,0.6664415204085969,increasing,2,129,4,20000,review,0.05,2e-10,50.0,1,pass
dia60al40-dem-artifacts-sizeE-pscale2-Emax96.417-mu0.693-wallmu1-seed4-settle1-vel50,needs_d1_decrease,1.0,0.0,0.0,0.0,flat,E,96.417,50000,20000,3d5c00f20519e6bb6eb6756f51f1ad36564e649d,4,0.2079,0.2079,0.05544,0.05544,0.0693,0.05544,0.05544,0.693,1.0,674.619189,0.10029043919908831,0.5661510812095086,0.6664415204085969,increasing,2,129,4,20000,review,0.05,2e-10,50.0,1,pass
dia60al40-dem-artifacts-sizeE-pscale2-Emax96.417-mu0.693-wallmu1-seed4-settle1-vel50,needs_d1_decrease,1.0,0.0,0.0,0.0,flat,E,96.417,50000,20000,3d5c00f20519e6bb6eb6756f51f1ad36564e649d,3,0.2079,0.2079,0.05544,0.05544,0.0693,0.05544,0.05544,0.693,1.0,674.619189,0.060425403216500806,0.6192250973331143,0.6796505005496151,increasing,2,129,4,20000,review,0.1,2e-10,50.0,1,pass
dia60al40-dem-artifacts-sizeE-pscale2-Emax96.417-mu0.693-wallmu1-seed4-settle1-vel50,needs_d1_decrease,1.0,0.0,0.0,0.0,flat,E,96.417,50000,20000,3d5c00f20519e6bb6eb6756f51f1ad36564e649d,4,0.2079,0.2079,0.05544,0.05544,0.0693,0.05544,0.05544,0.693,1.0,674.619189,0.060425403216500806,0.6192250973331143,0.6796505005496151,increasing,2,129,4,20000,review,0.1,2e-10,50.0,1,pass
dia60al40-dem-artifacts-sizeE-pscale2-Emax96.417-mu0.693-wallmu1-seed4-settle1-vel50,needs_d1_decrease,1.0,0.0,0.0,0.0,flat,E,96.417,50000,20000,3d5c00f20519e6bb6eb6756f51f1ad36564e649d,3,0.2079,0.2079,0.05544,0.05544,0.0693,0.05544,0.05544,0.693,1.0,674.619189,0.05361969133777633,0.6705141244365355,0.7241338157743118,increasing,2,129,4,20000,review,0.25,2e-10,50.0,1,pass
dia60al40-dem-artifacts-sizeE-pscale2-Emax96.417-mu0.693-wallmu1-seed4-settle1-vel50,needs_d1_decrease,1.0,0.0,0.0,0.0,flat,E,96.417,50000,20000,3d5c00f20519e6bb6eb6756f51f1ad36564e649d,4,0.2079,0.2079,0.05544,0.05544,0.0693,0.05544,0.05544,0.693,1.0,674.619189,0.05361969133777633,0.6705141244365355,0.7241338157743118,increasing,2,129,4,20000,review,0.25,2e-10,50.0,1,pass
dia60al40-dem-artifacts-sizeE-pscale2-Emax96.417-mu0.693-wallmu1-seed4-settle1-vel50,needs_physics_calibration,1.0,0.0,0.0,0.0,flat,E,96.417,50000,20000,3d5c00f20519e6bb6eb6756f51f1ad36564e649d,2,0.2079,0.2079,0.05544,0.05544,0.0693,0.05544,0.05544,0.693,1.0,674.619189,-0.008270948754504515,0.7981730335672526,0.789902084812748,decreasing,2,129,4,20000,review,0.5,2e-10,50.0,0,pass
dia60al40-dem-artifacts-sizeE-pscale2-Emax96.417-mu0.693-wallmu1-seed4-settle1-vel50,needs_physics_calibration,1.0,0.0,0.0,0.0,flat,E,96.417,50000,20000,3d5c00f20519e6bb6eb6756f51f1ad36564e649d,3,0.2079,0.2079,0.05544,0.05544,0.0693,0.05544,0.05544,0.693,1.0,674.619189,-0.008270948754504515,0.7981730335672526,0.789902084812748,decreasing,2,129,4,20000,review,0.5,2e-10,50.0,0,pass
dia60al40-dem-artifacts-sizeE-pscale2-Emax96.417-mu0.693-wallmu1-seed4-settle1-vel50,needs_physics_calibration,1.0,0.0,0.0,0.0,flat,E,96.417,50000,20000,3d5c00f20519e6bb6eb6756f51f1ad36564e649d,4,0.2079,0.2079,0.05544,0.05544,0.0693,0.05544,0.05544,0.693,1.0,674.619189,-0.008270948754504515,0.7981730335672526,0.789902084812748,decreasing,2,129,4,20000,review,0.5,2e-10,50.0,0,pass
dia60al40-dem-artifacts-sizeE-pscale2-Emax96.417-mu0.693-wallmu1-seed4-settle1-vel50,needs_physics_calibration,1.0,0.9897627234229632,0.0,0.9897627234229632,increasing,E,96.417,50000,20000,3d5c00f20519e6bb6eb6756f51f1ad36564e649d,2,0.2079,0.2079,0.05544,0.05544,0.0693,0.05544,0.05544,0.693,1.0,674.619189,-0.034427042715287404,0.8715293161686198,0.8371022734533324,decreasing,2,129,4,20000,review,0.75,2e-10,50.0,0,pass
dia60al40-dem-artifacts-sizeE-pscale2-Emax96.417-mu0.693-wallmu1-seed4-settle1-vel50,needs_physics_calibration,1.0,0.0,0.0,0.0,flat,E,96.417,50000,20000,3d5c00f20519e6bb6eb6756f51f1ad36564e649d,3,0.2079,0.2079,0.05544,0.05544,0.0693,0.05544,0.05544,0.693,1.0,674.619189,-0.034427042715287404,0.8715293161686198,0.8371022734533324,decreasing,2,129,4,20000,review,0.75,2e-10,50.0,0,pass
dia60al40-dem-artifacts-sizeE-pscale2-Emax96.417-mu0.693-wallmu1-seed4-settle1-vel50,needs_physics_calibration,1.0,0.0,0.0,0.0,flat,E,96.417,50000,20000,3d5c00f20519e6bb6eb6756f51f1ad36564e649d,4,0.2079,0.2079,0.05544,0.05544,0.0693,0.05544,0.05544,0.693,1.0,674.619189,-0.034427042715287404,0.8715293161686198,0.8371022734533324,decreasing,2,129,4,20000,review,0.75,2e-10,50.0,0,pass
dia60al40-dem-artifacts-sizeE-pscale2-Emax96.417-mu0.693-wallmu1-seed4-settle1-vel50,needs_physics_calibration,1.0,1.3860201040061884,0.0,1.3860201040061884,increasing,E,96.417,50000,20000,3d5c00f20519e6bb6eb6756f51f1ad36564e649d,2,0.2079,0.2079,0.05544,0.05544,0.0693,0.05544,0.05544,0.693,1.0,674.619189,-0.0029690482835760257,0.8715293161686198,0.8685602678850438,decreasing,2,129,4,20000,review,1.0,2e-10,50.0,0,pass
dia60al40-dem-artifacts-sizeE-pscale2-Emax96.417-mu0.693-wallmu1-seed4-settle1-vel50,needs_physics_calibration,1.0,0.0,0.0,0.0,flat,E,96.417,50000,20000,3d5c00f20519e6bb6eb6756f51f1ad36564e649d,3,0.2079,0.2079,0.05544,0.05544,0.0693,0.05544,0.05544,0.693,1.0,674.619189,-0.0029690482835760257,0.8715293161686198,0.8685602678850438,decreasing,2,129,4,20000,review,1.0,2e-10,50.0,0,pass
dia60al40-dem-artifacts-sizeE-pscale2-Emax96.417-mu0.693-wallmu1-seed4-settle1-vel50,needs_physics_calibration,1.0,0.0,0.0,0.0,flat,E,96.417,50000,20000,3d5c00f20519e6bb6eb6756f51f1ad36564e649d,4,0.2079,0.2079,0.05544,0.05544,0.0693,0.05544,0.05544,0.693,1.0,674.619189,-0.0029690482835760257,0.8715293161686198,0.8685602678850438,decreasing,2,129,4,20000,review,1.0,2e-10,50.0,0,pass
dia60al40-dem-artifacts-sizeE-pscale2-Emax96.417-mu0.693-wallmu1-seed4-settle1-vel50,needs_physics_calibration,1.0,1.7699518348215615,0.0,1.7699518348215615,increasing,E,96.417,50000,20000,3d5c00f20519e6bb6eb6756f51f1ad36564e649d,2,0.2079,0.2079,0.05544,0.05544,0.0693,0.05544,0.05544,0.693,1.0,674.619189,-0.02366904016445537,0.9251438240421272,0.9014747838776719,decreasing,2,129,4,20000,review,1.25,2e-10,50.0,0,pass
dia60al40-dem-artifacts-sizeE-pscale2-Emax96.417-mu0.693-wallmu1-seed4-settle1-vel50,needs_physics_calibration,1.0,0.842209760801437,0.0,0.842209760801437,increasing,E,96.417,50000,20000,3d5c00f20519e6bb6eb6756f51f1ad36564e649d,3,0.2079,0.2079,0.05544,0.05544,0.0693,0.05544,0.05544,0.693,1.0,674.619189,-0.02366904016445537,0.9251438240421272,0.9014747838776719,decreasing,2,129,4,20000,review,1.25,2e-10,50.0,0,pass
dia60al40-dem-artifacts-sizeE-pscale2-Emax96.417-mu0.693-wallmu1-seed4-settle1-vel50,needs_physics_calibration,1.0,0.842209760801437,0.0,0.842209760801437,increasing,E,96.417,50000,20000,3d5c00f20519e6bb6eb6756f51f1ad36564e649d,4,0.2079,0.2079,0.05544,0.05544,0.0693,0.05544,0.05544,0.693,1.0,674.619189,-0.02366904016445537,0.9251438240421272,0.9014747838776719,decreasing,2,129,4,20000,review,1.25,2e-10,50.0,0,pass
dia60al40-dem-artifacts-sizeE-pscale2-Emax96.417-mu0.693-wallmu1-seed4-settle1-vel50,needs_physics_calibration,1.0,1.1841675711789708,0.0,1.1841675711789708,increasing,E,96.417,50000,20000,3d5c00f20519e6bb6eb6756f51f1ad36564e649d,2,0.2079,0.2079,0.05544,0.05544,0.0693,0.05544,0.05544,0.693,1.0,674.619189,-0.06376868833241067,0.9870904576032332,0.9233217692708225,decreasing,2,129,4,20000,review,1.5,2e-10,50.0,0,pass
dia60al40-dem-artifacts-sizeE-pscale2-Emax96.417-mu0.693-wallmu1-seed4-settle1-vel50,needs_physics_calibration,1.0,0.6181901565263331,0.0,0.6181901565263331,increasing,E,96.417,50000,20000,3d5c00f20519e6bb6eb6756f51f1ad36564e649d,3,0.2079,0.2079,0.05544,0.05544,0.0693,0.05544,0.05544,0.693,1.0,674.619189,-0.06376868833241067,0.9870904576032332,0.9233217692708225,decreasing,2,129,4,20000,review,1.5,2e-10,50.0,0,pass
dia60al40-dem-artifacts-sizeE-pscale2-Emax96.417-mu0.693-wallmu1-seed4-settle1-vel50,needs_physics_calibration,1.0,0.6181901565263331,0.0,0.6181901565263331,increasing,E,96.417,50000,20000,3d5c00f20519e6bb6eb6756f51f1ad36564e649d,4,0.2079,0.2079,0.05544,0.05544,0.0693,0.05544,0.05544,0.693,1.0,674.619189,-0.06376868833241067,0.9870904576032332,0.9233217692708225,decreasing,2,129,4,20000,review,1.5,2e-10,50.0,0,pass
dia60al40-dem-artifacts-sizeE-pscale2-Emax96.417-mu0.693-wallmu1-seed4-settle1-vel50,needs_physics_calibration,1.0,0.6829838079105187,0.0,0.6829838079105187,increasing,E,96.417,50000,20000,3d5c00f20519e6bb6eb6756f51f1ad36564e649d,2,0.2079,0.2079,0.05544,0.05544,0.0693,0.05544,0.05544,0.693,1.0,674.619189,-0.02966998221777284,0.9870904576032332,0.9574204753854604,decreasing,2,129,4,20000,review,2.0,2e-10,50.0,0,pass
dia60al40-dem-artifacts-sizeE-pscale2-Emax96.417-mu0.693-wallmu1-seed4-settle1-vel50,needs_physics_calibration,1.0,0.4009077453424047,0.0,0.4009077453424047,increasing,E,96.417,50000,20000,3d5c00f20519e6bb6eb6756f51f1ad36564e649d,3,0.2079,0.2079,0.05544,0.05544,0.0693,0.05544,0.05544,0.693,1.0,674.619189,-0.02966998221777284,0.9870904576032332,0.9574204753854604,decreasing,2,129,4,20000,review,2.0,2e-10,50.0,0,pass
dia60al40-dem-artifacts-sizeE-pscale2-Emax96.417-mu0.693-wallmu1-seed4-settle1-vel50,needs_physics_calibration,1.0,0.326915942608298,0.0,0.326915942608298,increasing,E,96.417,50000,20000,3d5c00f20519e6bb6eb6756f51f1ad36564e649d,4,0.2079,0.2079,0.05544,0.05544,0.0693,0.05544,0.05544,0.693,1.0,674.619189,-0.02966998221777284,0.9870904576032332,0.9574204753854604,decreasing,2,129,4,20000,review,2.0,2e-10,50.0,0,pass
