stage_id,target_rho_total,actual_rho_total,current_height_um,particle_id,type,shape,material,x_um,y_um,r_um,rotation_rad,vx_cm_s,vy_cm_s,contact_count
stage5_rho095,0.95,0.95,208.698534,60,1,Al,Al,9.84233,10.3942,13,0.0,6.44648e-09,3.71306e-09,2
stage5_rho095,0.95,0.95,208.698534,55,1,Al,Al,10.5039,31.057,13,0.0,2.00057e-08,9.59741e-10,3
stage5_rho095,0.95,0.95,208.698534,68,1,Al,Al,51.7507,7.37842,13,0.0,2.80505e-08,3.65325e-09,3
stage5_rho095,0.95,0.95,208.698534,65,1,Al,Al,29.9969,9.41005,13,0.0,2.37331e-08,8.20272e-09,3
stage5_rho095,0.95,0.95,208.698534,9,2,DS,Diamond,43.5383,38.8637,24,0.0,4.39892e-08,9.69845e-09,8
stage5_rho095,0.95,0.95,208.698534,44,1,Al,Al,68.7155,15.3298,13,0.0,4.67918e-08,1.67257e-08,4
stage5_rho095,0.95,0.95,208.698534,63,1,Al,Al,89.5634,7.39235,13,0.0,2.57779e-08,1.34443e-08,3
stage5_rho095,0.95,0.95,208.698534,12,2,DS,Diamond,91.0776,39.0361,24,0.0,5.09427e-08,2.26899e-08,8
stage5_rho095,0.95,0.95,208.698534,29,1,Al,Al,110.818,10.8589,13,0.0,2.84481e-08,1.04772e-08,4
stage5_rho095,0.95,0.95,208.698534,41,1,Al,Al,124.016,28.9469,13,0.0,5.04375e-08,2.53126e-08,5
stage5_rho095,0.95,0.95,208.698534,46,1,Al,Al,132.837,8.82918,13,0.0,2.19101e-08,1.53776e-08,3
stage5_rho095,0.95,0.95,208.698534,6,2,DL,Diamond,172.422,36.7605,39,0.0,6.27083e-08,-1.12828e-08,8
stage5_rho095,0.95,0.95,208.698534,62,1,Al,Al,215.367,11.1367,13,0.0,4.00332e-08,-1.75296e-08,3
stage5_rho095,0.95,0.95,208.698534,33,1,Al,Al,238.698,10.7987,13,0.0,6.554e-08,1.00879e-08,3
stage5_rho095,0.95,0.95,208.698534,35,1,Al,Al,221.728,32.9158,13,0.0,9.41335e-08,-3.07488e-08,4
stage5_rho095,0.95,0.95,208.698534,42,1,Al,Al,263.708,6.50872,13,0.0,6.2327e-08,-3.90354e-09,2
stage5_rho095,0.95,0.95,208.698534,18,1,Al,Al,290.763,9.05112,13,0.0,6.66991e-08,-5.04401e-09,2
stage5_rho095,0.95,0.95,208.698534,61,1,Al,Al,318.229,8.86592,13,0.0,3.87254e-08,1.85715e-09,3
stage5_rho095,0.95,0.95,208.698534,56,1,Al,Al,306.849,24.4317,13,0.0,1.00002e-07,-2.8221e-09,5
stage5_rho095,0.95,0.95,208.698534,47,1,Al,Al,329.427,28.0419,13,0.0,6.57145e-08,-7.1989e-09,6
stage5_rho095,0.95,0.95,208.698534,26,1,Al,Al,340.151,8.80535,13,0.0,2.63401e-08,-1.11398e-08,4
stage5_rho095,0.95,0.95,208.698534,57,1,Al,Al,350.494,23.4033,13,0.0,2.70692e-08,-1.26758e-08,5
stage5_rho095,0.95,0.95,208.698534,69,1,Al,Al,366.293,8.80031,13,0.0,9.41143e-09,-6.71402e-09,4
stage5_rho095,0.95,0.95,208.698534,13,2,DS,Diamond,376.974,40.9053,24,0.0,6.61031e-09,-1.22989e-08,6
stage5_rho095,0.95,0.95,208.698534,59,1,Al,Al,389.151,10.06,13,0.0,2.88037e-09,-4.68067e-09,2
stage5_rho095,0.95,0.95,208.698534,36,1,Al,Al,11.595,52.4804,13,0.0,2.07164e-08,8.13136e-10,3
stage5_rho095,0.95,0.95,208.698534,72,1,Al,Al,9.17407,72.8305,13,0.0,1.92822e-08,5.61174e-09,3
stage5_rho095,0.95,0.95,208.698534,50,1,Al,Al,67.2902,64.1201,13,0.0,4.87724e-08,1.53084e-08,4
stage5_rho095,0.95,0.95,208.698534,67,1,Al,Al,124.522,51.9251,13,0.0,6.33859e-08,1.98775e-08,4
stage5_rho095,0.95,0.95,208.698534,10,2,DS,Diamond,108.257,82.3759,24,0.0,9.31152e-08,1.33534e-08,5
stage5_rho095,0.95,0.95,208.698534,71,1,Al,Al,198.477,77.374,13,0.0,1.1993e-07,-2.86431e-08,4
stage5_rho095,0.95,0.95,208.698534,70,1,Al,Al,216.754,56.4403,13,0.0,1.0542e-07,-3.34644e-08,4
stage5_rho095,0.95,0.95,208.698534,37,1,Al,Al,222.973,75.0144,13,0.0,1.22489e-07,-1.07377e-08,5
stage5_rho095,0.95,0.95,208.698534,2,2,DL,Diamond,266.979,51.344,39,0.0,1.28934e-07,-1.03832e-09,12
stage5_rho095,0.95,0.95,208.698534,28,1,Al,Al,316.21,44.5302,13,0.0,1.07805e-07,3.99069e-09,5
stage5_rho095,0.95,0.95,208.698534,30,1,Al,Al,312.613,64.0437,13,0.0,8.51897e-08,3.17919e-08,3
stage5_rho095,0.95,0.95,208.698534,75,1,Al,Al,340.745,46.2046,13,0.0,3.42474e-08,2.78497e-09,5
stage5_rho095,0.95,0.95,208.698534,32,1,Al,Al,390.417,73.5182,13,0.0,1.78029e-08,-2.26056e-08,2
stage5_rho095,0.95,0.95,208.698534,74,1,Al,Al,9.1284,94.9492,13,0.0,1.74545e-08,5.28425e-09,3
stage5_rho095,0.95,0.95,208.698534,22,1,Al,Al,10.8977,113.321,13,0.0,1.70078e-09,1.87625e-09,2
stage5_rho095,0.95,0.95,208.698534,15,2,DS,Diamond,39.4669,85.4753,24,0.0,4.09802e-08,6.91359e-09,6
stage5_rho095,0.95,0.95,208.698534,31,1,Al,Al,74.7655,85.3965,13,0.0,6.73873e-08,2.10249e-08,4
stage5_rho095,0.95,0.95,208.698534,11,2,DS,Diamond,71.8566,119.048,24,0.0,3.29256e-08,1.24777e-08,6
stage5_rho095,0.95,0.95,208.698534,39,1,Al,Al,101.431,112.752,13,0.0,7.67698e-08,2.7392e-08,4
stage5_rho095,0.95,0.95,208.698534,25,1,Al,Al,116.587,122.382,13,0.0,9.46709e-08,5.27732e-09,4
stage5_rho095,0.95,0.95,208.698534,1,2,DL,Diamond,162.568,111.706,39,0.0,1.1716e-07,-2.00854e-08,8
stage5_rho095,0.95,0.95,208.698534,48,1,Al,Al,210.712,92.9507,13,0.0,1.16007e-07,-4.94532e-09,4
stage5_rho095,0.95,0.95,208.698534,24,1,Al,Al,240.596,87.6632,13,0.0,1.17905e-07,7.23363e-09,4
stage5_rho095,0.95,0.95,208.698534,14,2,DS,Diamond,233.819,115.958,24,0.0,9.91675e-08,2.26047e-08,5
stage5_rho095,0.95,0.95,208.698534,27,1,Al,Al,261.334,98.9383,13,0.0,1.09692e-07,8.13172e-09,4
stage5_rho095,0.95,0.95,208.698534,64,1,Al,Al,297.785,89.0852,13,0.0,1.01191e-07,3.08616e-08,4
stage5_rho095,0.95,0.95,208.698534,54,1,Al,Al,281.4,104.125,13,0.0,8.08231e-08,-4.28058e-09,4
stage5_rho095,0.95,0.95,208.698534,43,1,Al,Al,302.556,111.127,13,0.0,7.74876e-08,2.3912e-08,4
stage5_rho095,0.95,0.95,208.698534,8,2,DL,Diamond,346.953,94.791,39,0.0,7.40679e-08,1.36494e-08,8
stage5_rho095,0.95,0.95,208.698534,23,1,Al,Al,390.487,114.217,13,0.0,3.90719e-08,-1.59788e-08,2
stage5_rho095,0.95,0.95,208.698534,58,1,Al,Al,11.6857,131.476,13,0.0,3.98382e-09,1.11586e-11,2
stage5_rho095,0.95,0.95,208.698534,52,1,Al,Al,81.3857,150.088,13,0.0,1.88945e-08,8.12984e-09,5
stage5_rho095,0.95,0.95,208.698534,21,1,Al,Al,99.5557,158.04,13,0.0,3.55567e-08,-4.12357e-09,5
stage5_rho095,0.95,0.95,208.698534,73,1,Al,Al,101.226,136.817,13,0.0,4.81227e-08,1.31683e-08,6
stage5_rho095,0.95,0.95,208.698534,53,1,Al,Al,127.65,141.462,13,0.0,1.08787e-07,-5.95914e-09,3
stage5_rho095,0.95,0.95,208.698534,76,1,Al,Al,118.521,153.391,13,0.0,5.94102e-08,1.09427e-09,4
stage5_rho095,0.95,0.95,208.698534,20,1,Al,Al,161.48,160.682,13,0.0,8.03002e-08,-3.74205e-08,3
stage5_rho095,0.95,0.95,208.698534,4,2,DL,Diamond,283.354,154.07,39,0.0,8.86259e-08,-4.33256e-09,7
stage5_rho095,0.95,0.95,208.698534,40,1,Al,Al,390.325,134.922,13,0.0,4.49658e-08,2.36926e-08,2
stage5_rho095,0.95,0.95,208.698534,3,2,DL,Diamond,38.0555,170.756,39,0.0,5.08945e-09,-8.5975e-10,5
stage5_rho095,0.95,0.95,208.698534,19,1,Al,Al,85.6544,173.063,13,0.0,1.78562e-08,-5.84872e-09,5
stage5_rho095,0.95,0.95,208.698534,49,1,Al,Al,82.4026,196.847,13,0.0,8.08609e-09,-4.87398e-09,3
stage5_rho095,0.95,0.95,208.698534,16,2,DS,Diamond,117.166,185.624,24,0.0,2.1167e-08,-2.70041e-09,5
stage5_rho095,0.95,0.95,208.698534,38,1,Al,Al,148.232,174.614,13,0.0,4.09017e-08,-1.44121e-08,3
stage5_rho095,0.95,0.95,208.698534,51,1,Al,Al,162.536,195.902,13,0.0,2.70602e-08,-2.39516e-08,2
stage5_rho095,0.95,0.95,208.698534,7,2,DL,Diamond,208.41,171.647,39,0.0,6.47173e-08,-3.5594e-09,6
stage5_rho095,0.95,0.95,208.698534,34,1,Al,Al,247.313,199.382,13,0.0,2.68059e-08,6.73983e-09,2
stage5_rho095,0.95,0.95,208.698534,45,1,Al,Al,268.006,198.97,13,0.0,6.14784e-08,-1.10017e-09,2
stage5_rho095,0.95,0.95,208.698534,66,1,Al,Al,313.41,196.034,13,0.0,5.66239e-08,-2.72916e-08,2
stage5_rho095,0.95,0.95,208.698534,5,2,DL,Diamond,358.419,170.514,39,0.0,7.71719e-08,9.92976e-09,5
stage5_rho095,0.95,0.95,208.698534,17,1,Al,Al,392.103,200.33,13,0.0,9.63078e-09,1.94172e-08,1
