stage_id,i,j,nx,ny,gap_um,overlap_um,force_x,force_y,normal_force,contact_point_x_um,contact_point_y_um,source,force_unit
stage5_rho095,60,55,0.0320010438,0.999487835,-5.32661182,5.32662,-3785.7,-28031.5,28138.3118,10.1731,20.7256,liggghts_pair_gran_local,dyne
stage5_rho095,60,65,0.998809938,-0.0487720056,-5.82141623,5.82142,-32204.1,-348.631,32148.7625,19.9196,9.90215,liggghts_pair_gran_local,dyne
stage5_rho095,55,9,0.973194049,0.22998553,-3.05569049,3.05571,-25552.3,-7819.96,26665.9021,22.1106,33.7999,liggghts_pair_gran_local,dyne
stage5_rho095,55,36,0.0508643655,0.99870557,-4.54883297,4.54887,-2289.62,-22118.4,22206.2446,11.0495,41.7687,liggghts_pair_gran_local,dyne
stage5_rho095,68,65,-0.995667293,0.0929873191,-4.15153701,4.15152,19026.3,-4487.62,19361.1868,40.8738,8.39424,liggghts_pair_gran_local,dyne
stage5_rho095,68,9,-0.252388769,0.967625914,-4.46130964,4.46127,9591.27,-46113,47040.8105,48.8653,18.4408,liggghts_pair_gran_local,dyne
stage5_rho095,68,44,0.905476781,0.424395806,-7.26423519,7.26423,-35099.2,-30706,44813.0416,60.2331,11.3541,liggghts_pair_gran_local,dyne
stage5_rho095,65,9,0.417720274,0.908575683,-4.5826125,4.58259,-16469,-46328.8,48972.6586,34.7547,19.7586,liggghts_pair_gran_local,dyne
stage5_rho095,9,44,0.730545883,-0.682863613,-2.53645623,2.53641,-15724,12709.2,20165.7753,59.8695,23.5985,liggghts_pair_gran_local,dyne
stage5_rho095,9,12,0.999993424,0.00362644941,-0.460387399,0.460343,-21850,-2215.7,21857.8436,67.308,38.9499,liggghts_pair_gran_local,dyne
stage5_rho095,9,36,-0.919907444,0.392135556,-2.27552832,2.27556,15874.6,-6460.03,17136.3897,22.8183,47.6962,liggghts_pair_gran_local,dyne
stage5_rho095,9,50,0.685076654,0.728470986,-2.3295732,2.3296,-14220.5,-10993.2,17750.3731,58.9449,55.2463,liggghts_pair_gran_local,dyne
stage5_rho095,9,15,-0.0870160393,0.996206911,-1.21092486,1.21092,3489.82,-93301.9,93251.7091,41.5026,62.1695,liggghts_pair_gran_local,dyne
stage5_rho095,44,63,0.934556423,-0.355814968,-3.69219762,3.69218,-13446.3,10320.2,16238.4005,79.1395,11.3611,liggghts_pair_gran_local,dyne
stage5_rho095,44,12,0.686182533,0.7274294,-4.410858,4.41088,-37376.9,-28317,46246.0704,76.5725,23.659,liggghts_pair_gran_local,dyne
stage5_rho095,63,12,0.0477967811,0.998857081,-5.32004237,5.32009,1510.88,-61400.7,61258.3123,90.0955,18.5104,liggghts_pair_gran_local,dyne
stage5_rho095,63,29,0.986959368,0.160969578,-4.46456432,4.46442,-20361.8,-9283.8,21590.7611,100.191,9.12565,liggghts_pair_gran_local,dyne
stage5_rho095,12,29,0.573781446,-0.819008457,-2.59595966,2.59595,-8341.22,19650.6,20880.0851,103.882,20.759,liggghts_pair_gran_local,dyne
stage5_rho095,12,41,0.95615106,-0.292873949,-2.55105007,2.55121,-19015.1,7379.27,20342.5065,112.443,32.4917,liggghts_pair_gran_local,dyne
stage5_rho095,12,50,-0.688104503,0.725611599,-2.43054159,2.43045,17119,-9834.2,18915.4675,75.6479,55.3068,liggghts_pair_gran_local,dyne
stage5_rho095,12,67,0.933104505,0.359605314,-1.15792678,1.15821,-5138.1,-3971.39,6222.52899,112.771,47.3965,liggghts_pair_gran_local,dyne
stage5_rho095,12,10,0.368494629,0.929629877,-1.37951042,1.37927,-42340.5,-105158,113359.566,99.6676,60.706,liggghts_pair_gran_local,dyne
stage5_rho095,29,41,0.589429688,0.807819685,-3.60886452,3.60912,-9885.76,-12213.9,15693.6086,117.417,19.9029,liggghts_pair_gran_local,dyne
stage5_rho095,29,46,0.995778274,-0.0917912293,-3.8876477,3.88796,-17301.5,3469.9,17546.9842,121.828,9.84406,liggghts_pair_gran_local,dyne
stage5_rho095,41,46,0.4015637,-0.915831095,-4.03337306,4.03341,-2488.29,19153.7,18540.7654,128.426,18.888,liggghts_pair_gran_local,dyne
stage5_rho095,41,6,0.987221298,0.159355293,-2.96742735,2.96722,-25853.9,-12008.1,27437.1125,136.117,30.9003,liggghts_pair_gran_local,dyne
stage5_rho095,41,67,0.0220155347,0.999757629,-3.01622939,3.01617,-558.71,-11980.2,11989.604,124.269,40.436,liggghts_pair_gran_local,dyne
stage5_rho095,46,6,0.817075141,0.576531191,-3.55280336,3.55262,-23292.1,-29336.6,35944.7412,142.733,15.812,liggghts_pair_gran_local,dyne
stage5_rho095,6,62,0.858753655,-0.512388681,-1.99147921,1.99192,-15255,3885.31,15091.0942,204.63,17.5427,liggghts_pair_gran_local,dyne
stage5_rho095,6,35,0.996973641,-0.0777403269,-2.5443294,2.54436,-22172.9,-4112.02,21786.1333,209.402,33.877,liggghts_pair_gran_local,dyne
stage5_rho095,6,67,-0.953363608,0.301824171,-1.75684033,1.7565,12282.5,-2606.26,12496.3769,136.497,48.134,liggghts_pair_gran_local,dyne
stage5_rho095,6,71,0.539970207,0.84168413,-3.74733782,3.74751,-17319.1,-35156.9,38942.7713,191.963,67.2207,liggghts_pair_gran_local,dyne
stage5_rho095,6,70,0.913989829,0.405737098,-3.49617796,3.49602,-27911.1,-23608.2,35089.2297,205.671,51.5204,liggghts_pair_gran_local,dyne
stage5_rho095,6,1,-0.130360233,0.991466696,-2.40946298,2.40988,10499.2,-335230,333737.776,167.495,74.2331,liggghts_pair_gran_local,dyne
stage5_rho095,62,33,0.999895078,-0.014485643,-2.6665518,2.6659,-9951.86,834.26,9962.90535,227.032,10.9677,liggghts_pair_gran_local,dyne
stage5_rho095,62,35,0.280355903,0.959896123,-3.31098244,3.31082,-6506.46,-12464.4,13788.6627,218.547,22.0263,liggghts_pair_gran_local,dyne
stage5_rho095,33,42,0.985605505,-0.169061492,-0.624735895,0.625092,-1058.93,517.587,1131.19326,251.203,8.6537,liggghts_pair_gran_local,dyne
stage5_rho095,33,2,0.57209426,0.820187879,-2.5658386,2.56606,-10460.2,-19606.7,22065.4529,245.768,20.935,liggghts_pair_gran_local,dyne
stage5_rho095,35,70,-0.206865577,0.978369375,-1.95540027,1.95543,-518.706,-6506.73,6258.69913,219.241,44.6781,liggghts_pair_gran_local,dyne
stage5_rho095,35,2,0.926145218,0.377167119,-3.14049165,3.14076,-28160.7,-10069.7,29878.8302,233.041,37.5229,liggghts_pair_gran_local,dyne
stage5_rho095,42,2,0.0727625552,0.997349292,-7.04555891,7.04554,-3922.62,-100369,100388.088,264.526,17.7175,liggghts_pair_gran_local,dyne
stage5_rho095,18,56,0.72277715,0.691081175,-3.74417746,3.7447,-9168.43,-14411.2,16586.095,298.806,16.7414,liggghts_pair_gran_local,dyne
stage5_rho095,18,2,-0.490171295,0.871626125,-3.47818682,3.47783,11533.8,-33457.2,34815.6297,284.817,19.6243,liggghts_pair_gran_local,dyne
stage5_rho095,61,56,-0.590185848,0.807267406,-6.71793821,6.71775,23249.5,-32369.7,39852.5659,312.539,16.6488,liggghts_pair_gran_local,dyne
stage5_rho095,61,47,0.504274556,0.863543382,-3.7938429,3.79411,-8483.39,-14634.5,16915.4897,323.828,18.4539,liggghts_pair_gran_local,dyne
stage5_rho095,61,26,0.999996183,-0.00276296728,-4.07791632,4.07765,-18858.6,-4270.92,18846.6719,329.19,8.83563,liggghts_pair_gran_local,dyne
stage5_rho095,56,47,0.987456184,0.157893273,-3.13518799,3.13535,-12710.2,-990.51,12707.1934,318.138,26.2368,liggghts_pair_gran_local,dyne
stage5_rho095,56,2,-0.828848192,0.559473569,-3.89710205,3.89713,30514.1,-28609.9,41298.0566,296.881,31.1598,liggghts_pair_gran_local,dyne
stage5_rho095,56,28,0.42220757,0.906499182,-3.82844112,3.82847,-3722.77,-17180.4,17145.8646,311.529,34.4809,liggghts_pair_gran_local,dyne
stage5_rho095,47,26,0.486927143,-0.87344259,-3.97617127,3.97586,-10182,15098.3,18145.4081,334.789,18.4236,liggghts_pair_gran_local,dyne
stage5_rho095,47,57,0.976606903,-0.215032457,-4.42837283,4.4278,-19454.1,10820.4,21325.6258,339.96,25.7226,liggghts_pair_gran_local,dyne
stage5_rho095,47,28,-0.625455366,0.780259947,-4.86819634,4.86831,15320.6,-19229,24586.0095,322.818,36.286,liggghts_pair_gran_local,dyne
stage5_rho095,47,75,0.528866497,0.84870503,-4.59951413,4.59925,-6878.19,-22314.8,22576.2147,335.086,37.1232,liggghts_pair_gran_local,dyne
stage5_rho095,26,57,0.57812101,0.815951039,-8.10928193,8.10931,-32744.1,-41578.7,52856.2249,345.323,16.1043,liggghts_pair_gran_local,dyne
stage5_rho095,57,69,0.734356228,-0.678764267,-4.48591815,4.48625,-11569.5,19525.3,21749.2995,358.393,16.1018,liggghts_pair_gran_local,dyne
stage5_rho095,57,13,0.834244229,0.551395109,-5.25869562,5.25926,-41001.6,-47162.5,60210.7092,359.798,29.5527,liggghts_pair_gran_local,dyne
stage5_rho095,57,75,-0.393136071,0.919480304,-1.20197019,1.202,372.838,-3121.06,3016.32913,345.62,34.804,liggghts_pair_gran_local,dyne
stage5_rho095,69,13,0.315678077,0.948866351,-3.16489776,3.16494,-3109.97,-28588.4,28108.3462,370.045,20.0804,liggghts_pair_gran_local,dyne
stage5_rho095,69,59,0.998484929,0.0550258763,-3.10731595,3.10658,-12310,-4386.83,12532.6865,377.722,9.43015,liggghts_pair_gran_local,dyne
stage5_rho095,13,59,0.36719846,-0.930142619,-3.83809624,3.83776,-9377.65,36649,37532.1353,384.873,20.8975,liggghts_pair_gran_local,dyne
stage5_rho095,13,75,-0.989470863,0.144732202,-0.385480728,0.386011,1152.51,-392.964,1197.25614,353.474,44.3427,liggghts_pair_gran_local,dyne
stage5_rho095,13,32,0.381092976,0.924536719,-1.72514358,1.7249,-4186.35,-10506.7,11309.2045,385.694,62.0596,liggghts_pair_gran_local,dyne
stage5_rho095,13,8,-0.48668938,0.873575095,-1.3158926,1.31621,48225.8,-107734,117584.193,365.537,61.4332,liggghts_pair_gran_local,dyne
stage5_rho095,36,72,-0.11813105,0.992998014,-5.50640412,5.50643,3426.05,-29376,29575.086,10.3845,62.6554,liggghts_pair_gran_local,dyne
stage5_rho095,72,74,-0.00206476432,0.999997868,-3.88125285,3.8812,-2559.82,-17506.6,17501.2373,9.15123,83.8898,liggghts_pair_gran_local,dyne
stage5_rho095,72,15,0.922830275,0.385206805,-4.17399634,4.17397,-39664.5,-15490.5,42570.6088,19.8175,77.2733,liggghts_pair_gran_local,dyne
stage5_rho095,50,15,-0.793275796,0.608862474,-1.92606965,1.92608,10666.5,-8019.72,13344.4178,57.5144,71.6233,liggghts_pair_gran_local,dyne
stage5_rho095,50,31,0.331478421,0.943462801,-3.44860743,3.44863,-7768.02,-12807.7,14658.5588,71.0278,74.7583,liggghts_pair_gran_local,dyne
stage5_rho095,67,10,-0.471142317,0.882057207,-2.4775226,2.47789,6585.74,-18557.9,19471.9895,118.807,62.6241,liggghts_pair_gran_local,dyne
stage5_rho095,10,31,-0.995957523,0.089825457,-3.37256185,3.37206,29961.2,-11936,30912.2542,86.533,84.3352,liggghts_pair_gran_local,dyne
stage5_rho095,10,39,-0.219248581,0.975669032,-5.86638911,5.8663,36280,-64546.1,70930.5533,103.829,102.079,liggghts_pair_gran_local,dyne
stage5_rho095,10,1,0.879890767,0.475176008,-1.27529273,1.27564,-101996,-47233.4,112189.589,128.947,93.5492,liggghts_pair_gran_local,dyne
stage5_rho095,71,37,0.995392695,-0.0958821278,-1.39061707,1.39084,-3842.97,-739.222,3754.37864,210.725,76.1942,liggghts_pair_gran_local,dyne
stage5_rho095,71,1,-0.722800086,0.691057187,-2.31959637,2.32027,14907.1,-11862.1,18972.2806,189.5,85.9569,liggghts_pair_gran_local,dyne
stage5_rho095,71,48,0.617701811,0.786412407,-6.19270821,6.19242,-28383.2,-22555.5,35270.4779,204.594,85.1624,liggghts_pair_gran_local,dyne
stage5_rho095,70,37,0.317497165,0.948259221,-6.41242353,6.4127,-18631.3,-32959.3,37169.0638,219.863,65.7274,liggghts_pair_gran_local,dyne
stage5_rho095,70,2,0.994891397,-0.100951021,-1.51710291,1.51759,-9798.56,2844.35,10035.6493,229.31,55.1663,liggghts_pair_gran_local,dyne
stage5_rho095,37,2,0.880681019,-0.473709767,-2.03185142,2.03168,-15889,3276.1,15545.1055,233.974,69.0968,liggghts_pair_gran_local,dyne
stage5_rho095,37,48,-0.564332577,0.825547541,-4.27344991,4.27382,6470.82,-20072.9,20223.0098,216.842,83.9825,liggghts_pair_gran_local,dyne
stage5_rho095,37,24,0.812402572,0.583096956,-4.30755269,4.30745,-13056,-16901.7,20462.0789,231.784,81.3388,liggghts_pair_gran_local,dyne
stage5_rho095,2,28,0.990557519,-0.13709778,-2.29970592,2.2997,-19069.9,-1234.28,18720.672,303.902,46.2336,liggghts_pair_gran_local,dyne
stage5_rho095,2,30,0.963389377,0.268106151,-4.63182148,4.63196,-50281.6,-18919.2,53513.0522,301.204,60.8688,liggghts_pair_gran_local,dyne
stage5_rho095,2,24,-0.587720465,0.809064061,-7.10961152,7.10959,43328.5,-94300.9,101760.469,247.191,78.5834,liggghts_pair_gran_local,dyne
stage5_rho095,2,27,-0.117781088,0.993039584,-4.07210189,4.07216,14922.4,-42650.6,44111.3308,262.745,87.0397,liggghts_pair_gran_local,dyne
stage5_rho095,2,64,0.632337776,0.774692802,-3.2823665,3.28194,-15082.7,-28887.2,31915.9798,290.084,79.6499,liggghts_pair_gran_local,dyne
stage5_rho095,28,30,-0.181279797,0.983431561,-6.1577448,6.1577,-3735.55,-36252.1,34974.2072,314.411,54.2869,liggghts_pair_gran_local,dyne
stage5_rho095,28,75,0.997679388,0.0680869928,-1.40793135,1.40763,-3736.48,-1391.56,3822.56043,328.477,45.3674,liggghts_pair_gran_local,dyne
stage5_rho095,30,8,0.745003693,0.66706034,-5.90626879,5.90595,-54017.1,-55171.3,77045.5463,321.198,71.7305,liggghts_pair_gran_local,dyne
stage5_rho095,75,8,0.126741988,0.991935718,-3.01860017,3.01861,-9089.32,-27220.3,28152.8342,342.297,58.3512,liggghts_pair_gran_local,dyne
stage5_rho095,32,8,-0.898190751,0.439605931,-3.60938814,3.60929,34347.5,-13552.3,36808.3021,379.551,78.8364,liggghts_pair_gran_local,dyne
stage5_rho095,74,22,0.095861689,0.995394664,-7.54320023,7.54363,4884.94,-48113,47423.2076,10.013,104.135,liggghts_pair_gran_local,dyne
stage5_rho095,74,15,0.954541596,-0.298077744,-5.21668105,5.21668,-53914.9,26895.6,59480.9922,19.7879,91.6206,liggghts_pair_gran_local,dyne
stage5_rho095,22,58,0.043363194,0.999059374,-7.82790686,7.8274,-13709.5,-49576.2,50124.0493,11.2917,122.398,liggghts_pair_gran_local,dyne
stage5_rho095,15,31,0.999997508,-0.00223237759,-1.70131204,1.70132,-11085.5,-3290.93,11078.1276,62.3633,85.4242,liggghts_pair_gran_local,dyne
stage5_rho095,15,11,0.694313551,0.719672629,-1.35003911,1.35016,-68337.5,-86625.6,109789.681,55.6618,102.262,liggghts_pair_gran_local,dyne
stage5_rho095,31,11,-0.0861207548,0.996284706,-3.22300855,3.22313,11107.7,-28034.7,28887.1224,73.7435,97.2199,liggghts_pair_gran_local,dyne
stage5_rho095,11,39,0.97808186,-0.208220738,-6.76285808,6.76326,-82086.9,36104.1,87805.3523,91.0398,114.964,liggghts_pair_gran_local,dyne
stage5_rho095,11,52,0.293476141,0.955966398,-4.5302395,4.52992,-5098.31,-48782.6,48130.7322,78.0377,139.182,liggghts_pair_gran_local,dyne
stage5_rho095,11,73,0.855593185,0.517648821,-2.67363961,2.67319,-20219.5,-8730.23,21818.8162,90.9072,130.574,liggghts_pair_gran_local,dyne
stage5_rho095,11,3,-0.547158904,0.837028753,-1.2243444,1.22447,50174.8,-93251.5,105507.84,58.98,138.746,liggghts_pair_gran_local,dyne
stage5_rho095,39,25,0.844032769,0.536291605,-8.0433512,8.04311,-47686.7,-22303.4,52210.3258,109.009,117.567,liggghts_pair_gran_local,dyne
stage5_rho095,39,73,-0.00851828641,0.999963719,-1.93412686,1.93363,1879.83,-6138.57,6154.312,101.328,124.785,liggghts_pair_gran_local,dyne
stage5_rho095,25,1,0.974088617,-0.226166679,-4.79587585,4.7953,-56267,6895.29,56368.4619,128.082,119.713,liggghts_pair_gran_local,dyne
stage5_rho095,25,73,-0.728730409,0.684800694,-4.92087416,4.92091,20069.7,-15128.8,24985.5639,108.907,129.6,liggghts_pair_gran_local,dyne
stage5_rho095,25,53,0.501602732,0.865098086,-3.94469749,3.94506,-11489.4,-14069.9,17935.0181,122.118,131.922,liggghts_pair_gran_local,dyne
stage5_rho095,1,48,0.931791157,-0.362994821,-0.33176978,0.331975,-933.851,431.44,1026.76404,198.676,97.6394,liggghts_pair_gran_local,dyne
stage5_rho095,1,53,-0.761124458,0.648605859,-6.12314026,6.1227,63253.9,-51158.2,81325.6681,136.379,134.023,liggghts_pair_gran_local,dyne
stage5_rho095,1,20,-0.0222094829,0.999753339,-3.01191655,3.0115,-4510.76,-28160.6,28053.425,161.752,148.438,liggghts_pair_gran_local,dyne
stage5_rho095,1,7,0.607489949,0.794327364,-2.53866921,2.53898,-190666,-308543,360911.716,185.489,141.676,liggghts_pair_gran_local,dyne
stage5_rho095,48,14,0.708633903,0.705576354,-4.39218955,4.39285,-22846.2,-42196.9,45962.8962,218.831,101.034,liggghts_pair_gran_local,dyne
stage5_rho095,24,14,-0.232926013,0.972494459,-7.9049242,7.90524,36720.3,-105301,110958.03,238.215,97.6045,liggghts_pair_gran_local,dyne
stage5_rho095,24,27,0.878545442,0.477658777,-2.39507416,2.39497,-6447.75,-5901.27,8483.42803,250.965,93.3007,liggghts_pair_gran_local,dyne
stage5_rho095,14,27,0.850450389,-0.52605526,-4.64655485,4.64662,-34650,39035.2,50002.6025,251.666,104.918,liggghts_pair_gran_local,dyne
stage5_rho095,14,4,0.792560936,0.609792721,-0.500073848,0.499308,-23404.6,-14634.4,27473.5975,252.689,130.477,liggghts_pair_gran_local,dyne
stage5_rho095,14,7,-0.415099839,0.909775864,-1.78822007,1.78848,71928.6,-171899,186246.728,224.139,137.172,liggghts_pair_gran_local,dyne
stage5_rho095,27,54,0.968179451,0.25025697,-5.27450331,5.27421,-26175.3,-9516.68,27724.0246,271.367,101.532,liggghts_pair_gran_local,dyne
stage5_rho095,64,54,-0.7367012,0.676218413,-3.75896115,3.75864,9404.94,-14418.8,16678.8717,289.593,96.6052,liggghts_pair_gran_local,dyne
stage5_rho095,64,43,0.211553294,0.977366463,-3.44776312,3.44796,-3113.23,-14319.7,14654.2822,300.171,100.106,liggghts_pair_gran_local,dyne
stage5_rho095,64,8,0.993333799,0.11527343,-2.50203663,2.50237,-21374.4,-148.591,21249.048,310.077,90.5117,liggghts_pair_gran_local,dyne
stage5_rho095,54,43,0.949354259,0.31420772,-3.71537885,3.71512,-14404.3,-8641.84,16389.9995,291.978,107.626,liggghts_pair_gran_local,dyne
stage5_rho095,54,4,0.0390931286,0.999235571,-2.01679141,2.01678,-2366.12,-15293.7,15374.4555,281.889,116.611,liggghts_pair_gran_local,dyne
stage5_rho095,43,8,0.938485593,-0.345318392,-4.69293388,4.69327,-47672.8,28492,54579.1123,313.656,107.043,liggghts_pair_gran_local,dyne
stage5_rho095,43,4,-0.408200575,0.912892267,-4.95939995,4.95909,30155.3,-51453.6,59281.0558,297.756,121.863,liggghts_pair_gran_local,dyne
stage5_rho095,8,23,0.913206751,0.407496539,-4.32842952,4.32861,-41887,-24765.1,48343.2338,379.603,109.361,liggghts_pair_gran_local,dyne
stage5_rho095,8,5,0.149713709,0.988729389,-1.41382706,1.41416,-7693.49,-150569,150023.766,352.686,132.652,liggghts_pair_gran_local,dyne
stage5_rho095,23,40,-0.00782395757,0.999969392,-5.29436625,5.29497,-2172.72,-27905.6,27887.8469,390.406,124.57,liggghts_pair_gran_local,dyne
stage5_rho095,58,3,0.557377159,0.830259419,-4.68948582,4.68984,-22900.6,-50291.5,54519.1867,18.2782,141.296,liggghts_pair_gran_local,dyne
stage5_rho095,52,21,0.916108728,0.400929918,-6.16610971,6.16644,-32368.3,-13458.1,35048.6984,90.4707,154.064,liggghts_pair_gran_local,dyne
stage5_rho095,52,73,0.831195955,-0.555979573,-2.130418,2.13041,-6383.57,3257.79,7117.2722,91.306,143.453,liggghts_pair_gran_local,dyne
stage5_rho095,52,3,-0.902580794,0.430520511,-3.99299576,3.99318,33784.7,-28665.2,42834.1839,70.5532,155.255,liggghts_pair_gran_local,dyne
stage5_rho095,52,19,0.182671381,0.983174027,-2.63180741,2.63212,-131.09,-9917.09,9774.17155,83.5201,161.576,liggghts_pair_gran_local,dyne
stage5_rho095,21,73,0.0784597342,-0.996917283,-4.7113732,4.71223,-1401.62,23375.3,23413.2035,100.391,147.428,liggghts_pair_gran_local,dyne
stage5_rho095,21,76,0.971244792,-0.23808308,-6.4732029,6.4735,-34517.6,17532,37698.888,109.038,155.715,liggghts_pair_gran_local,dyne
stage5_rho095,21,19,-0.679174274,0.733977047,-5.53205749,5.53185,26085.9,-16435.5,29780.0509,92.605,165.551,liggghts_pair_gran_local,dyne
stage5_rho095,21,16,0.538111255,0.842873821,-4.2738679,4.27312,-22535.1,-37929.9,44096.568,105.743,167.732,liggghts_pair_gran_local,dyne
stage5_rho095,73,76,0.721996025,0.691897203,-2.0455745,2.04624,-6055.14,-3364.55,6699.707,109.873,145.104,liggghts_pair_gran_local,dyne
stage5_rho095,53,76,-0.607736706,0.794138588,-10.9786924,10.9785,51764.5,-65228.1,83259.3738,123.085,147.426,liggghts_pair_gran_local,dyne
stage5_rho095,76,16,-0.0420005687,0.999117587,-4.73853205,4.73804,11191.9,-51060.6,51485.5167,118.045,164.716,liggghts_pair_gran_local,dyne
stage5_rho095,20,38,-0.689093872,0.724672088,-6.77475285,6.77492,35065.5,-22353.1,40362.3767,154.856,167.648,liggghts_pair_gran_local,dyne
stage5_rho095,20,7,0.973773824,0.227518218,-3.80605718,3.8061,-39576.2,-5807.53,39859.6661,173.212,163.423,liggghts_pair_gran_local,dyne
stage5_rho095,4,7,-0.973581665,0.228339092,-1.02237945,1.02224,89748.7,-21128.4,92202.1501,245.882,162.858,liggghts_pair_gran_local,dyne
stage5_rho095,4,45,-0.323451342,0.946244804,-4.5492771,4.54913,25996,-46156.7,52084.1676,271.843,187.745,liggghts_pair_gran_local,dyne
stage5_rho095,4,66,0.582285968,0.812984042,-0.382750635,0.382716,-779.094,-1005.3,1270.94579,305.896,185.543,liggghts_pair_gran_local,dyne
stage5_rho095,4,5,0.976836048,0.213989102,-1.15496528,1.1556,-110581,-13091.2,110820.947,320.886,162.292,liggghts_pair_gran_local,dyne
stage5_rho095,40,5,-0.667497822,0.74461175,-4.2005931,4.20039,34816.8,-30849.7,46211.2582,382.349,143.82,liggghts_pair_gran_local,dyne
stage5_rho095,3,19,0.998827516,0.0484106792,-4.34522553,4.34522,-49110.8,8912.31,48621.7169,73.7547,172.486,liggghts_pair_gran_local,dyne
stage5_rho095,3,49,0.861896242,0.507084676,-0.547054901,0.546718,-2191.39,-554.638,2169.98683,71.3158,190.324,liggghts_pair_gran_local,dyne
stage5_rho095,19,49,-0.135461937,0.990782551,-1.99473268,1.99424,1414.96,-6312.46,6445.95261,84.0285,184.955,liggghts_pair_gran_local,dyne
stage5_rho095,19,16,0.928919632,0.370281404,-3.07715142,3.07699,-24570.9,-11127.8,26944.9063,96.726,177.476,liggghts_pair_gran_local,dyne
stage5_rho095,49,16,0.951636607,-0.307225923,-0.469879434,0.469954,-1384.62,946.052,1608.31239,94.6168,192.904,liggghts_pair_gran_local,dyne
stage5_rho095,16,38,0.942555992,-0.334048203,-4.04068484,4.04073,-35256.6,21904.4,40548.6981,137.317,178.482,liggghts_pair_gran_local,dyne
stage5_rho095,38,51,0.557719796,0.830029294,-0.352712424,0.352489,-191.071,-448.707,479.003169,155.384,185.258,liggghts_pair_gran_local,dyne
stage5_rho095,51,7,0.884036699,-0.467417495,-0.108489124,0.1085,-147.466,131.537,191.848331,174.004,189.838,liggghts_pair_gran_local,dyne
stage5_rho095,7,34,0.814256402,0.580505393,-4.22266611,4.22234,-31355.8,-36248.1,46573.9723,237.587,192.448,liggghts_pair_gran_local,dyne
stage5_rho095,34,45,0.999801853,-0.0199061694,-5.30289892,5.30312,-27786.4,8609.4,27952.2368,257.659,199.176,liggghts_pair_gran_local,dyne
stage5_rho095,66,5,0.869898637,-0.493230536,-0.259488976,0.259656,-686.8,228.7,710.246928,324.662,189.654,liggghts_pair_gran_local,dyne
stage5_rho095,5,17,0.748791163,0.662806,-7.01549476,7.01478,-74071.6,-66788.3,99731.8904,383.682,192.876,liggghts_pair_gran_local,dyne
