stage_id,folder,status,main_question,next_gate,primary_outputs
00,00_project_control,in_progress,How do we control scope and evidence?,Keep every future stage mapped to a folder,README and status table
01,01_pdf_algorithm_layer,baseline_done,Can each paper mechanism be represented as executable metrics?,Keep PDF anchors and algorithm outputs current,PDF map and paper algorithm artifacts
02,02_dem_backend_light_demo,baseline_done,Can an open DEM backend produce real contact evidence?,Keep LIGGGHTS workflow green and evidence complete,DEM artifacts and evidence report
03,03_zhang_particle_scale,review,Do Zhang C/D/E candidates survive particle-count refinement?,Run and import the C 25 cm/s loading-rate recheck with settle scale 1,2x recalibration follow-up C seed pressure-lift settle midpoint and loading-rate artifacts reports plots and acceptance tables
04,04_comsol_electrothermal_field,planned,Can COMSOL solve current and temperature fields from DEM contacts?,Build one-stage COMSOL electrothermal demo,COMSOL model and thermal field outputs
05,05_yuan_shape_arch_bridge,planned,Can non-spherical particles reproduce arch-bridge trends?,Run shape-capable DEM or MPFEM pilot,Arch metrics by shape
06,06_liu_sintering_coupling,planned,Can true thermal fields drive sintering neck growth?,Couple COMSOL temperature to Liu metrics,Thermal-sintering coupling report
07,07_li_core_shell_fem,planned,Can core-shell FEM reproduce Cu@Fe densification trends?,Run single/few-particle core-shell FEM pilot,Cu@Fe FEM evidence
08,08_integrated_report_visualization,planned,Can all stage evidence support a thesis-level reproduction report?,Assemble cross-paper figures and acceptance matrix,Final report and visualization bundle
