artifact,calibration_diagnosis,chain_coverage,d1_delta,d1_first,d1_last,d1_trend,diamond_size_case,e_al_emax_gpa,min_chain_length,mu_scale,p95_mpa,participation_delta,participation_first,participation_last,participation_trend,seed_index,status,threshold_factor,trend_score,zhang_stage_status
dia60al40-dem-artifacts-sizeC-Emax41.686-mu0.654-seed0,needs_participation_increase,1.0,-0.9867906500075595,0.9867906500075595,0.0,decreasing,C,41.686,2,0.654,556.015968,-0.21544271270696247,0.7668356814474137,0.5513929687404512,decreasing,0,review,0.05,1,review
dia60al40-dem-artifacts-sizeC-Emax41.686-mu0.654-seed0,needs_physics_calibration,1.0,0.0,0.0,0.0,flat,C,41.686,3,0.654,556.015968,-0.21544271270696247,0.7668356814474137,0.5513929687404512,decreasing,0,review,0.05,0,review
dia60al40-dem-artifacts-sizeC-Emax41.686-mu0.654-seed0,needs_physics_calibration,1.0,0.0,0.0,0.0,flat,C,41.686,4,0.654,556.015968,-0.21544271270696247,0.7668356814474137,0.5513929687404512,decreasing,0,review,0.05,0,review
dia60al40-dem-artifacts-sizeC-Emax41.686-mu0.654-seed0,needs_physics_calibration,1.0,0.0,0.0,0.0,flat,C,41.686,2,0.654,556.015968,-0.31316937614136164,0.8830697949079475,0.5699004187665858,decreasing,0,review,0.1,0,review
dia60al40-dem-artifacts-sizeC-Emax41.686-mu0.654-seed0,needs_physics_calibration,1.0,0.0,0.0,0.0,flat,C,41.686,3,0.654,556.015968,-0.31316937614136164,0.8830697949079475,0.5699004187665858,decreasing,0,review,0.1,0,review
dia60al40-dem-artifacts-sizeC-Emax41.686-mu0.654-seed0,needs_physics_calibration,1.0,0.0,0.0,0.0,flat,C,41.686,4,0.654,556.015968,-0.31316937614136164,0.8830697949079475,0.5699004187665858,decreasing,0,review,0.1,0,review
dia60al40-dem-artifacts-sizeC-Emax41.686-mu0.654-seed0,needs_physics_calibration,1.0,0.0,0.0,0.0,flat,C,41.686,2,0.654,556.015968,-0.2660566374157358,0.8830697949079475,0.6170131574922116,decreasing,0,review,0.25,0,review
dia60al40-dem-artifacts-sizeC-Emax41.686-mu0.654-seed0,needs_physics_calibration,1.0,0.0,0.0,0.0,flat,C,41.686,3,0.654,556.015968,-0.2660566374157358,0.8830697949079475,0.6170131574922116,decreasing,0,review,0.25,0,review
dia60al40-dem-artifacts-sizeC-Emax41.686-mu0.654-seed0,needs_physics_calibration,1.0,0.0,0.0,0.0,flat,C,41.686,4,0.654,556.015968,-0.2660566374157358,0.8830697949079475,0.6170131574922116,decreasing,0,review,0.25,0,review
dia60al40-dem-artifacts-sizeC-Emax41.686-mu0.654-seed0,needs_physics_calibration,1.0,0.0,0.0,0.0,flat,C,41.686,2,0.654,556.015968,-0.209782157570215,0.8830697949079475,0.6732876373377324,decreasing,0,review,0.5,0,review
dia60al40-dem-artifacts-sizeC-Emax41.686-mu0.654-seed0,needs_physics_calibration,1.0,0.9881785568317374,0.0,0.9881785568317374,increasing,C,41.686,2,0.654,556.015968,-0.20577556578211975,0.930121055780727,0.7243454899986073,decreasing,0,review,0.75,0,review
dia60al40-dem-artifacts-sizeC-Emax41.686-mu0.654-seed0,needs_physics_calibration,1.0,0.95823019770181,0.0,0.95823019770181,increasing,C,41.686,2,0.654,556.015968,-0.20535373420092007,0.982215415934828,0.7768616817339079,decreasing,0,review,1.0,0,review
dia60al40-dem-artifacts-sizeC-Emax41.686-mu0.654-seed0,needs_physics_calibration,1.0,1.2783947581823631,0.0,1.2783947581823631,increasing,C,41.686,2,0.654,556.015968,-0.15565170767961178,0.982215415934828,0.8265637082552162,decreasing,0,review,1.25,0,review
dia60al40-dem-artifacts-sizeC-Emax41.686-mu0.654-seed0,needs_physics_calibration,1.0,1.5385375839790685,0.0,1.5385375839790685,increasing,C,41.686,2,0.654,556.015968,-0.12780983901778264,0.982215415934828,0.8544055769170453,decreasing,0,review,1.5,0,review
dia60al40-dem-artifacts-sizeC-Emax41.686-mu0.654-seed0,needs_physics_calibration,1.0,0.9295448369150302,0.0,0.9295448369150302,increasing,C,41.686,2,0.654,556.015968,-0.09975331274691557,1.0,0.9002466872530844,decreasing,0,review,2.0,0,review
dia60al40-dem-artifacts-sizeC-Emax41.686-mu0.654-seed0,needs_physics_calibration,0.8333333333333334,0.0,0.0,0.0,flat,C,41.686,3,0.654,556.015968,-0.209782157570215,0.8830697949079475,0.6732876373377324,decreasing,0,review,0.5,0,review
dia60al40-dem-artifacts-sizeC-Emax41.686-mu0.654-seed0,needs_physics_calibration,0.8333333333333334,0.0,0.0,0.0,flat,C,41.686,4,0.654,556.015968,-0.209782157570215,0.8830697949079475,0.6732876373377324,decreasing,0,review,0.5,0,review
dia60al40-dem-artifacts-sizeC-Emax41.686-mu0.654-seed0,needs_physics_calibration,0.8333333333333334,0.0,0.0,0.0,flat,C,41.686,3,0.654,556.015968,-0.20577556578211975,0.930121055780727,0.7243454899986073,decreasing,0,review,0.75,0,review
dia60al40-dem-artifacts-sizeC-Emax41.686-mu0.654-seed0,needs_physics_calibration,0.8333333333333334,0.0,0.0,0.0,flat,C,41.686,4,0.654,556.015968,-0.20577556578211975,0.930121055780727,0.7243454899986073,decreasing,0,review,0.75,0,review
dia60al40-dem-artifacts-sizeC-Emax41.686-mu0.654-seed0,needs_physics_calibration,0.8333333333333334,0.95823019770181,0.0,0.95823019770181,increasing,C,41.686,3,0.654,556.015968,-0.20535373420092007,0.982215415934828,0.7768616817339079,decreasing,0,review,1.0,0,review
dia60al40-dem-artifacts-sizeC-Emax41.686-mu0.654-seed0,needs_physics_calibration,0.8333333333333334,0.0,0.0,0.0,flat,C,41.686,4,0.654,556.015968,-0.20535373420092007,0.982215415934828,0.7768616817339079,decreasing,0,review,1.0,0,review
dia60al40-dem-artifacts-sizeC-Emax41.686-mu0.654-seed0,needs_physics_calibration,0.8333333333333334,0.8990897031423319,0.0,0.8990897031423319,increasing,C,41.686,3,0.654,556.015968,-0.15565170767961178,0.982215415934828,0.8265637082552162,decreasing,0,review,1.25,0,review
dia60al40-dem-artifacts-sizeC-Emax41.686-mu0.654-seed0,needs_physics_calibration,0.8333333333333334,0.8990897031423319,0.0,0.8990897031423319,increasing,C,41.686,4,0.654,556.015968,-0.15565170767961178,0.982215415934828,0.8265637082552162,decreasing,0,review,1.25,0,review
dia60al40-dem-artifacts-sizeC-Emax41.686-mu0.654-seed0,needs_physics_calibration,0.8333333333333334,0.9176179545695431,0.0,0.9176179545695431,increasing,C,41.686,3,0.654,556.015968,-0.12780983901778264,0.982215415934828,0.8544055769170453,decreasing,0,review,1.5,0,review
dia60al40-dem-artifacts-sizeC-Emax41.686-mu0.654-seed0,needs_physics_calibration,0.8333333333333334,0.0,0.0,0.0,flat,C,41.686,4,0.654,556.015968,-0.12780983901778264,0.982215415934828,0.8544055769170453,decreasing,0,review,1.5,0,review
dia60al40-dem-artifacts-sizeC-Emax41.686-mu0.654-seed0,needs_physics_calibration,0.6666666666666666,0.0,0.0,0.0,flat,C,41.686,3,0.654,556.015968,-0.09975331274691557,1.0,0.9002466872530844,decreasing,0,review,2.0,0,review
dia60al40-dem-artifacts-sizeC-Emax41.686-mu0.654-seed0,needs_physics_calibration,0.6666666666666666,0.0,0.0,0.0,flat,C,41.686,4,0.654,556.015968,-0.09975331274691557,1.0,0.9002466872530844,decreasing,0,review,2.0,0,review
dia60al40-dem-artifacts-sizeC-Emax41.686-mu0.654-seed1,needs_participation_increase,1.0,-0.7736347232171241,0.7736347232171241,0.0,decreasing,C,41.686,2,0.654,525.814055,-0.023305219540002087,0.6255823057075758,0.6022770861675737,decreasing,1,review,0.05,1,review
dia60al40-dem-artifacts-sizeC-Emax41.686-mu0.654-seed1,needs_participation_increase,1.0,-0.7736347232171241,0.7736347232171241,0.0,decreasing,C,41.686,2,0.654,525.814055,-0.012653689614981478,0.6255823057075758,0.6129286160925943,decreasing,1,review,0.1,1,review
dia60al40-dem-artifacts-sizeC-Emax41.686-mu0.654-seed1,needs_d1_decrease,0.8333333333333334,0.8521166964314553,0.0,0.8521166964314553,increasing,C,41.686,2,0.654,525.814055,0.9370801998200128,0.0,0.9370801998200128,increasing,1,review,2.0,1,review
dia60al40-dem-artifacts-sizeC-Emax41.686-mu0.654-seed1,needs_d1_decrease,0.6666666666666666,0.5202276406082558,0.0,0.5202276406082558,increasing,C,41.686,3,0.654,525.814055,0.9370801998200128,0.0,0.9370801998200128,increasing,1,review,2.0,1,review
dia60al40-dem-artifacts-sizeC-Emax41.686-mu0.654-seed1,needs_d1_decrease,0.6666666666666666,0.5202276406082558,0.0,0.5202276406082558,increasing,C,41.686,4,0.654,525.814055,0.9370801998200128,0.0,0.9370801998200128,increasing,1,review,2.0,1,review
dia60al40-dem-artifacts-sizeC-Emax41.686-mu0.654-seed1,needs_physics_calibration,1.0,0.0,0.0,0.0,flat,C,41.686,2,0.654,525.814055,-0.3456820685369263,1.0,0.6543179314630737,decreasing,1,review,0.25,0,review
dia60al40-dem-artifacts-sizeC-Emax41.686-mu0.654-seed1,needs_physics_calibration,1.0,0.0,0.0,0.0,flat,C,41.686,2,0.654,525.814055,-0.2644010622448447,1.0,0.7355989377551553,decreasing,1,review,0.5,0,review
dia60al40-dem-artifacts-sizeC-Emax41.686-mu0.654-seed1,needs_physics_calibration,1.0,0.0,0.0,0.0,flat,C,41.686,2,0.654,525.814055,-0.18951304639901778,1.0,0.8104869536009822,decreasing,1,review,0.75,0,review
dia60al40-dem-artifacts-sizeC-Emax41.686-mu0.654-seed1,needs_physics_calibration,1.0,0.0,0.0,0.0,flat,C,41.686,2,0.654,525.814055,-0.12660011289525752,1.0,0.8733998871047425,decreasing,1,review,1.0,0,review
dia60al40-dem-artifacts-sizeC-Emax41.686-mu0.654-seed1,needs_physics_calibration,1.0,0.0,0.0,0.0,flat,C,41.686,2,0.654,525.814055,-0.1128927227807337,1.0,0.8871072772192663,decreasing,1,review,1.25,0,review
dia60al40-dem-artifacts-sizeC-Emax41.686-mu0.654-seed1,needs_physics_calibration,1.0,0.0,0.0,0.0,flat,C,41.686,2,0.654,525.814055,-0.09310469805071087,1.0,0.9068953019492891,decreasing,1,review,1.5,0,review
dia60al40-dem-artifacts-sizeC-Emax41.686-mu0.654-seed1,needs_physics_calibration,0.8333333333333334,0.0,0.0,0.0,flat,C,41.686,3,0.654,525.814055,-0.023305219540002087,0.6255823057075758,0.6022770861675737,decreasing,1,review,0.05,0,review
dia60al40-dem-artifacts-sizeC-Emax41.686-mu0.654-seed1,needs_physics_calibration,0.8333333333333334,0.0,0.0,0.0,flat,C,41.686,4,0.654,525.814055,-0.023305219540002087,0.6255823057075758,0.6022770861675737,decreasing,1,review,0.05,0,review
dia60al40-dem-artifacts-sizeC-Emax41.686-mu0.654-seed1,needs_physics_calibration,0.8333333333333334,0.0,0.0,0.0,flat,C,41.686,3,0.654,525.814055,-0.012653689614981478,0.6255823057075758,0.6129286160925943,decreasing,1,review,0.1,0,review
dia60al40-dem-artifacts-sizeC-Emax41.686-mu0.654-seed1,needs_physics_calibration,0.8333333333333334,0.0,0.0,0.0,flat,C,41.686,4,0.654,525.814055,-0.012653689614981478,0.6255823057075758,0.6129286160925943,decreasing,1,review,0.1,0,review
dia60al40-dem-artifacts-sizeC-Emax41.686-mu0.654-seed1,needs_physics_calibration,0.8333333333333334,0.0,0.0,0.0,flat,C,41.686,3,0.654,525.814055,-0.3456820685369263,1.0,0.6543179314630737,decreasing,1,review,0.25,0,review
dia60al40-dem-artifacts-sizeC-Emax41.686-mu0.654-seed1,needs_physics_calibration,0.8333333333333334,0.0,0.0,0.0,flat,C,41.686,4,0.654,525.814055,-0.3456820685369263,1.0,0.6543179314630737,decreasing,1,review,0.25,0,review
dia60al40-dem-artifacts-sizeC-Emax41.686-mu0.654-seed1,needs_physics_calibration,0.8333333333333334,0.0,0.0,0.0,flat,C,41.686,3,0.654,525.814055,-0.2644010622448447,1.0,0.7355989377551553,decreasing,1,review,0.5,0,review
dia60al40-dem-artifacts-sizeC-Emax41.686-mu0.654-seed1,needs_physics_calibration,0.8333333333333334,0.0,0.0,0.0,flat,C,41.686,4,0.654,525.814055,-0.2644010622448447,1.0,0.7355989377551553,decreasing,1,review,0.5,0,review
dia60al40-dem-artifacts-sizeC-Emax41.686-mu0.654-seed1,needs_physics_calibration,0.8333333333333334,0.0,0.0,0.0,flat,C,41.686,3,0.654,525.814055,-0.18951304639901778,1.0,0.8104869536009822,decreasing,1,review,0.75,0,review
dia60al40-dem-artifacts-sizeC-Emax41.686-mu0.654-seed1,needs_physics_calibration,0.8333333333333334,0.0,0.0,0.0,flat,C,41.686,4,0.654,525.814055,-0.18951304639901778,1.0,0.8104869536009822,decreasing,1,review,0.75,0,review
dia60al40-dem-artifacts-sizeC-Emax41.686-mu0.654-seed1,needs_physics_calibration,0.8333333333333334,0.0,0.0,0.0,flat,C,41.686,3,0.654,525.814055,-0.12660011289525752,1.0,0.8733998871047425,decreasing,1,review,1.0,0,review
dia60al40-dem-artifacts-sizeC-Emax41.686-mu0.654-seed1,needs_physics_calibration,0.8333333333333334,0.0,0.0,0.0,flat,C,41.686,3,0.654,525.814055,-0.1128927227807337,1.0,0.8871072772192663,decreasing,1,review,1.25,0,review
dia60al40-dem-artifacts-sizeC-Emax41.686-mu0.654-seed1,needs_physics_calibration,0.8333333333333334,0.0,0.0,0.0,flat,C,41.686,3,0.654,525.814055,-0.09310469805071087,1.0,0.9068953019492891,decreasing,1,review,1.5,0,review
dia60al40-dem-artifacts-sizeC-Emax41.686-mu0.654-seed1,needs_physics_calibration,0.6666666666666666,0.0,0.0,0.0,flat,C,41.686,4,0.654,525.814055,-0.12660011289525752,1.0,0.8733998871047425,decreasing,1,review,1.0,0,review
dia60al40-dem-artifacts-sizeC-Emax41.686-mu0.654-seed1,needs_physics_calibration,0.6666666666666666,0.0,0.0,0.0,flat,C,41.686,4,0.654,525.814055,-0.1128927227807337,1.0,0.8871072772192663,decreasing,1,review,1.25,0,review
dia60al40-dem-artifacts-sizeC-Emax41.686-mu0.654-seed1,needs_physics_calibration,0.6666666666666666,0.0,0.0,0.0,flat,C,41.686,4,0.654,525.814055,-0.09310469805071087,1.0,0.9068953019492891,decreasing,1,review,1.5,0,review
dia60al40-dem-artifacts-sizeC-Emax41.686-mu0.654-seed2,candidate_pass,1.0,-1.261288150403609,1.261288150403609,0.0,decreasing,C,41.686,2,0.654,558.684605,0.30506697661608184,0.2585339547619663,0.5636009313780481,increasing,2,pass,0.05,2,pass
dia60al40-dem-artifacts-sizeC-Emax41.686-mu0.654-seed2,candidate_pass,1.0,-0.3937509233731842,0.3937509233731842,0.0,decreasing,C,41.686,3,0.654,558.684605,0.30506697661608184,0.2585339547619663,0.5636009313780481,increasing,2,pass,0.05,2,pass
dia60al40-dem-artifacts-sizeC-Emax41.686-mu0.654-seed2,candidate_pass,1.0,-1.277856926366835,1.277856926366835,0.0,decreasing,C,41.686,2,0.654,558.684605,0.27541093069430633,0.3043810161124698,0.5797919468067761,increasing,2,pass,0.1,2,pass
dia60al40-dem-artifacts-sizeC-Emax41.686-mu0.654-seed2,candidate_pass,1.0,-1.082593240634108,1.082593240634108,0.0,decreasing,C,41.686,2,0.654,558.684605,0.17955130139542724,0.4604034343349757,0.639954735730403,increasing,2,pass,0.25,2,pass
dia60al40-dem-artifacts-sizeC-Emax41.686-mu0.654-seed2,candidate_pass,1.0,-0.7760600454707254,0.7760600454707254,0.0,decreasing,C,41.686,2,0.654,558.684605,0.08859026934157088,0.6241148513837935,0.7127051207253644,increasing,2,pass,0.5,2,pass
dia60al40-dem-artifacts-sizeC-Emax41.686-mu0.654-seed2,needs_d1_decrease,1.0,0.0,0.0,0.0,flat,C,41.686,3,0.654,558.684605,0.27541093069430633,0.3043810161124698,0.5797919468067761,increasing,2,review,0.1,1,pass
dia60al40-dem-artifacts-sizeC-Emax41.686-mu0.654-seed2,needs_d1_decrease,0.8333333333333334,0.0,0.0,0.0,flat,C,41.686,4,0.654,558.684605,0.30506697661608184,0.2585339547619663,0.5636009313780481,increasing,2,review,0.05,1,pass
dia60al40-dem-artifacts-sizeC-Emax41.686-mu0.654-seed2,needs_d1_decrease,0.8333333333333334,0.0,0.0,0.0,flat,C,41.686,4,0.654,558.684605,0.27541093069430633,0.3043810161124698,0.5797919468067761,increasing,2,review,0.1,1,pass
dia60al40-dem-artifacts-sizeC-Emax41.686-mu0.654-seed2,needs_d1_decrease,0.8333333333333334,0.0,0.0,0.0,flat,C,41.686,3,0.654,558.684605,0.17955130139542724,0.4604034343349757,0.639954735730403,increasing,2,review,0.25,1,pass
dia60al40-dem-artifacts-sizeC-Emax41.686-mu0.654-seed2,needs_d1_decrease,0.8333333333333334,0.0,0.0,0.0,flat,C,41.686,4,0.654,558.684605,0.17955130139542724,0.4604034343349757,0.639954735730403,increasing,2,review,0.25,1,pass
dia60al40-dem-artifacts-sizeC-Emax41.686-mu0.654-seed2,needs_d1_decrease,0.8333333333333334,0.0,0.0,0.0,flat,C,41.686,3,0.654,558.684605,0.08859026934157088,0.6241148513837935,0.7127051207253644,increasing,2,review,0.5,1,pass
dia60al40-dem-artifacts-sizeC-Emax41.686-mu0.654-seed2,needs_d1_decrease,0.8333333333333334,0.0,0.0,0.0,flat,C,41.686,4,0.654,558.684605,0.08859026934157088,0.6241148513837935,0.7127051207253644,increasing,2,review,0.5,1,pass
dia60al40-dem-artifacts-sizeC-Emax41.686-mu0.654-seed2,needs_physics_calibration,1.0,0.9841532097869767,0.0,0.9841532097869767,increasing,C,41.686,2,0.654,558.684605,-0.18289871878175945,1.0,0.8171012812182405,decreasing,2,review,0.75,0,pass
dia60al40-dem-artifacts-sizeC-Emax41.686-mu0.654-seed2,needs_physics_calibration,1.0,0.976778835353418,0.0,0.976778835353418,increasing,C,41.686,2,0.654,558.684605,-0.14137988589098094,1.0,0.8586201141090191,decreasing,2,review,1.0,0,pass
dia60al40-dem-artifacts-sizeC-Emax41.686-mu0.654-seed2,needs_physics_calibration,1.0,0.9748757584466884,0.0,0.9748757584466884,increasing,C,41.686,2,0.654,558.684605,-0.1156745643391841,1.0,0.8843254356608159,decreasing,2,review,1.25,0,pass
dia60al40-dem-artifacts-sizeC-Emax41.686-mu0.654-seed2,needs_physics_calibration,1.0,0.0,0.0,0.0,flat,C,41.686,2,0.654,558.684605,-0.08996591239933871,1.0,0.9100340876006613,decreasing,2,review,1.5,0,pass
dia60al40-dem-artifacts-sizeC-Emax41.686-mu0.654-seed2,needs_physics_calibration,1.0,0.0,0.0,0.0,flat,C,41.686,2,0.654,558.684605,-0.03445630410905587,1.0,0.9655436958909441,decreasing,2,review,2.0,0,pass
dia60al40-dem-artifacts-sizeC-Emax41.686-mu0.654-seed2,needs_physics_calibration,0.8333333333333334,0.0,0.0,0.0,flat,C,41.686,3,0.654,558.684605,-0.18289871878175945,1.0,0.8171012812182405,decreasing,2,review,0.75,0,pass
dia60al40-dem-artifacts-sizeC-Emax41.686-mu0.654-seed2,needs_physics_calibration,0.8333333333333334,0.0,0.0,0.0,flat,C,41.686,4,0.654,558.684605,-0.18289871878175945,1.0,0.8171012812182405,decreasing,2,review,0.75,0,pass
dia60al40-dem-artifacts-sizeC-Emax41.686-mu0.654-seed2,needs_physics_calibration,0.8333333333333334,0.0,0.0,0.0,flat,C,41.686,3,0.654,558.684605,-0.14137988589098094,1.0,0.8586201141090191,decreasing,2,review,1.0,0,pass
dia60al40-dem-artifacts-sizeC-Emax41.686-mu0.654-seed2,needs_physics_calibration,0.8333333333333334,0.0,0.0,0.0,flat,C,41.686,4,0.654,558.684605,-0.14137988589098094,1.0,0.8586201141090191,decreasing,2,review,1.0,0,pass
dia60al40-dem-artifacts-sizeC-Emax41.686-mu0.654-seed2,needs_physics_calibration,0.6666666666666666,0.0,0.0,0.0,flat,C,41.686,3,0.654,558.684605,-0.1156745643391841,1.0,0.8843254356608159,decreasing,2,review,1.25,0,pass
dia60al40-dem-artifacts-sizeC-Emax41.686-mu0.654-seed2,needs_physics_calibration,0.6666666666666666,0.0,0.0,0.0,flat,C,41.686,4,0.654,558.684605,-0.1156745643391841,1.0,0.8843254356608159,decreasing,2,review,1.25,0,pass
dia60al40-dem-artifacts-sizeC-Emax41.686-mu0.654-seed2,needs_physics_calibration,0.6666666666666666,0.0,0.0,0.0,flat,C,41.686,3,0.654,558.684605,-0.08996591239933871,1.0,0.9100340876006613,decreasing,2,review,1.5,0,pass
dia60al40-dem-artifacts-sizeC-Emax41.686-mu0.654-seed2,needs_physics_calibration,0.6666666666666666,0.0,0.0,0.0,flat,C,41.686,4,0.654,558.684605,-0.08996591239933871,1.0,0.9100340876006613,decreasing,2,review,1.5,0,pass
dia60al40-dem-artifacts-sizeC-Emax41.686-mu0.654-seed2,needs_physics_calibration,0.6666666666666666,0.0,0.0,0.0,flat,C,41.686,3,0.654,558.684605,-0.03445630410905587,1.0,0.9655436958909441,decreasing,2,review,2.0,0,pass
dia60al40-dem-artifacts-sizeC-Emax41.686-mu0.654-seed2,needs_physics_calibration,0.6666666666666666,0.0,0.0,0.0,flat,C,41.686,4,0.654,558.684605,-0.03445630410905587,1.0,0.9655436958909441,decreasing,2,review,2.0,0,pass
dia60al40-dem-artifacts-sizeC-Emax41.686-mu0.885-seed0,candidate_pass,1.0,-0.5958870050824611,0.5958870050824611,0.0,decreasing,C,41.686,2,0.885,549.8724,0.13753922325769952,0.5069089781955748,0.6444482014532743,increasing,0,pass,0.05,2,pass
dia60al40-dem-artifacts-sizeC-Emax41.686-mu0.885-seed0,candidate_pass,1.0,-0.5958870050824611,0.5958870050824611,0.0,decreasing,C,41.686,2,0.885,549.8724,0.16099923124877102,0.5069089781955748,0.6679082094443458,increasing,0,pass,0.1,2,pass
dia60al40-dem-artifacts-sizeC-Emax41.686-mu0.885-seed0,candidate_pass,1.0,-0.5958870050824611,0.5958870050824611,0.0,decreasing,C,41.686,2,0.885,549.8724,0.20787630897755938,0.5069089781955748,0.7147852871731342,increasing,0,pass,0.25,2,pass
dia60al40-dem-artifacts-sizeC-Emax41.686-mu0.885-seed0,needs_d1_decrease,1.0,0.0,0.0,0.0,flat,C,41.686,3,0.885,549.8724,0.13753922325769952,0.5069089781955748,0.6444482014532743,increasing,0,review,0.05,1,pass
dia60al40-dem-artifacts-sizeC-Emax41.686-mu0.885-seed0,needs_d1_decrease,1.0,0.0,0.0,0.0,flat,C,41.686,3,0.885,549.8724,0.16099923124877102,0.5069089781955748,0.6679082094443458,increasing,0,review,0.1,1,pass
dia60al40-dem-artifacts-sizeC-Emax41.686-mu0.885-seed0,needs_d1_decrease,1.0,0.0,0.0,0.0,flat,C,41.686,3,0.885,549.8724,0.20787630897755938,0.5069089781955748,0.7147852871731342,increasing,0,review,0.25,1,pass
dia60al40-dem-artifacts-sizeC-Emax41.686-mu0.885-seed0,needs_d1_decrease,0.8333333333333334,0.0,0.0,0.0,flat,C,41.686,4,0.885,549.8724,0.13753922325769952,0.5069089781955748,0.6444482014532743,increasing,0,review,0.05,1,pass
dia60al40-dem-artifacts-sizeC-Emax41.686-mu0.885-seed0,needs_d1_decrease,0.8333333333333334,0.0,0.0,0.0,flat,C,41.686,4,0.885,549.8724,0.16099923124877102,0.5069089781955748,0.6679082094443458,increasing,0,review,0.1,1,pass
dia60al40-dem-artifacts-sizeC-Emax41.686-mu0.885-seed0,needs_d1_decrease,0.8333333333333334,0.0,0.0,0.0,flat,C,41.686,4,0.885,549.8724,0.20787630897755938,0.5069089781955748,0.7147852871731342,increasing,0,review,0.25,1,pass
dia60al40-dem-artifacts-sizeC-Emax41.686-mu0.885-seed0,needs_physics_calibration,1.0,0.0,0.0,0.0,flat,C,41.686,2,0.885,549.8724,-0.23176621051306945,1.0,0.7682337894869306,decreasing,0,review,0.5,0,pass
dia60al40-dem-artifacts-sizeC-Emax41.686-mu0.885-seed0,needs_physics_calibration,1.0,0.9693939671535062,0.0,0.9693939671535062,increasing,C,41.686,2,0.885,549.8724,-0.15961456789814,1.0,0.84038543210186,decreasing,0,review,0.75,0,pass
dia60al40-dem-artifacts-sizeC-Emax41.686-mu0.885-seed0,needs_physics_calibration,1.0,1.6596134635157185,0.0,1.6596134635157185,increasing,C,41.686,2,0.885,549.8724,-0.11184305713606657,1.0,0.8881569428639334,decreasing,0,review,1.0,0,pass
dia60al40-dem-artifacts-sizeC-Emax41.686-mu0.885-seed0,needs_physics_calibration,1.0,1.2983358703403962,0.0,1.2983358703403962,increasing,C,41.686,2,0.885,549.8724,-0.09288578974659623,1.0,0.9071142102534038,decreasing,0,review,1.25,0,pass
dia60al40-dem-artifacts-sizeC-Emax41.686-mu0.885-seed0,needs_physics_calibration,1.0,0.8950864820423317,0.0,0.8950864820423317,increasing,C,41.686,2,0.885,549.8724,-0.07080902491464114,1.0,0.9291909750853589,decreasing,0,review,1.5,0,pass
dia60al40-dem-artifacts-sizeC-Emax41.686-mu0.885-seed0,needs_physics_calibration,1.0,0.4809538578739711,0.0,0.4809538578739711,increasing,C,41.686,2,0.885,549.8724,-0.05737597382523052,1.0,0.9426240261747695,decreasing,0,review,2.0,0,pass
dia60al40-dem-artifacts-sizeC-Emax41.686-mu0.885-seed0,needs_physics_calibration,0.8333333333333334,0.0,0.0,0.0,flat,C,41.686,3,0.885,549.8724,-0.23176621051306945,1.0,0.7682337894869306,decreasing,0,review,0.5,0,pass
dia60al40-dem-artifacts-sizeC-Emax41.686-mu0.885-seed0,needs_physics_calibration,0.8333333333333334,0.0,0.0,0.0,flat,C,41.686,4,0.885,549.8724,-0.23176621051306945,1.0,0.7682337894869306,decreasing,0,review,0.5,0,pass
dia60al40-dem-artifacts-sizeC-Emax41.686-mu0.885-seed0,needs_physics_calibration,0.8333333333333334,0.9693939671535062,0.0,0.9693939671535062,increasing,C,41.686,3,0.885,549.8724,-0.15961456789814,1.0,0.84038543210186,decreasing,0,review,0.75,0,pass
dia60al40-dem-artifacts-sizeC-Emax41.686-mu0.885-seed0,needs_physics_calibration,0.8333333333333334,0.0,0.0,0.0,flat,C,41.686,4,0.885,549.8724,-0.15961456789814,1.0,0.84038543210186,decreasing,0,review,0.75,0,pass
dia60al40-dem-artifacts-sizeC-Emax41.686-mu0.885-seed0,needs_physics_calibration,0.8333333333333334,0.0,0.0,0.0,flat,C,41.686,3,0.885,549.8724,-0.11184305713606657,1.0,0.8881569428639334,decreasing,0,review,1.0,0,pass
dia60al40-dem-artifacts-sizeC-Emax41.686-mu0.885-seed0,needs_physics_calibration,0.8333333333333334,0.9164487030987367,0.0,0.9164487030987367,increasing,C,41.686,3,0.885,549.8724,-0.09288578974659623,1.0,0.9071142102534038,decreasing,0,review,1.25,0,pass
dia60al40-dem-artifacts-sizeC-Emax41.686-mu0.885-seed0,needs_physics_calibration,0.8333333333333334,0.8950864820423317,0.0,0.8950864820423317,increasing,C,41.686,3,0.885,549.8724,-0.07080902491464114,1.0,0.9291909750853589,decreasing,0,review,1.5,0,pass
dia60al40-dem-artifacts-sizeC-Emax41.686-mu0.885-seed0,needs_physics_calibration,0.8333333333333334,0.4809538578739711,0.0,0.4809538578739711,increasing,C,41.686,3,0.885,549.8724,-0.05737597382523052,1.0,0.9426240261747695,decreasing,0,review,2.0,0,pass
dia60al40-dem-artifacts-sizeC-Emax41.686-mu0.885-seed0,needs_physics_calibration,0.6666666666666666,0.0,0.0,0.0,flat,C,41.686,4,0.885,549.8724,-0.11184305713606657,1.0,0.8881569428639334,decreasing,0,review,1.0,0,pass
dia60al40-dem-artifacts-sizeC-Emax41.686-mu0.885-seed0,needs_physics_calibration,0.6666666666666666,0.0,0.0,0.0,flat,C,41.686,4,0.885,549.8724,-0.09288578974659623,1.0,0.9071142102534038,decreasing,0,review,1.25,0,pass
dia60al40-dem-artifacts-sizeC-Emax41.686-mu0.885-seed0,needs_physics_calibration,0.6666666666666666,0.0,0.0,0.0,flat,C,41.686,4,0.885,549.8724,-0.07080902491464114,1.0,0.9291909750853589,decreasing,0,review,1.5,0,pass
dia60al40-dem-artifacts-sizeC-Emax41.686-mu0.885-seed0,needs_physics_calibration,0.6666666666666666,0.4809538578739711,0.0,0.4809538578739711,increasing,C,41.686,4,0.885,549.8724,-0.05737597382523052,1.0,0.9426240261747695,decreasing,0,review,2.0,0,pass
dia60al40-dem-artifacts-sizeC-Emax41.686-mu0.885-seed1,needs_d1_decrease,0.8333333333333334,0.9678437368633435,0.0,0.9678437368633435,increasing,C,41.686,2,0.885,629.598167,0.8613677025369209,0.0,0.8613677025369209,increasing,1,review,1.25,1,review
dia60al40-dem-artifacts-sizeC-Emax41.686-mu0.885-seed1,needs_d1_decrease,0.8333333333333334,1.1302636925271297,0.0,1.1302636925271297,increasing,C,41.686,2,0.885,629.598167,0.886007884441244,0.0,0.886007884441244,increasing,1,review,1.5,1,review
dia60al40-dem-artifacts-sizeC-Emax41.686-mu0.885-seed1,needs_d1_decrease,0.8333333333333334,0.7610233540348261,0.0,0.7610233540348261,increasing,C,41.686,2,0.885,629.598167,0.9269257793150345,0.0,0.9269257793150345,increasing,1,review,2.0,1,review
dia60al40-dem-artifacts-sizeC-Emax41.686-mu0.885-seed1,needs_d1_decrease,0.6666666666666666,0.0,0.0,0.0,flat,C,41.686,3,0.885,629.598167,0.8613677025369209,0.0,0.8613677025369209,increasing,1,review,1.25,1,review
dia60al40-dem-artifacts-sizeC-Emax41.686-mu0.885-seed1,needs_d1_decrease,0.6666666666666666,0.0,0.0,0.0,flat,C,41.686,4,0.885,629.598167,0.8613677025369209,0.0,0.8613677025369209,increasing,1,review,1.25,1,review
dia60al40-dem-artifacts-sizeC-Emax41.686-mu0.885-seed1,needs_d1_decrease,0.6666666666666666,0.7568495469750325,0.0,0.7568495469750325,increasing,C,41.686,3,0.885,629.598167,0.886007884441244,0.0,0.886007884441244,increasing,1,review,1.5,1,review
dia60al40-dem-artifacts-sizeC-Emax41.686-mu0.885-seed1,needs_d1_decrease,0.6666666666666666,0.42388113444731274,0.0,0.42388113444731274,increasing,C,41.686,4,0.885,629.598167,0.886007884441244,0.0,0.886007884441244,increasing,1,review,1.5,1,review
dia60al40-dem-artifacts-sizeC-Emax41.686-mu0.885-seed1,needs_d1_decrease,0.6666666666666666,0.19932897504379157,0.0,0.19932897504379157,increasing,C,41.686,3,0.885,629.598167,0.9269257793150345,0.0,0.9269257793150345,increasing,1,review,2.0,1,review
dia60al40-dem-artifacts-sizeC-Emax41.686-mu0.885-seed1,needs_d1_decrease,0.6666666666666666,0.19932897504379157,0.0,0.19932897504379157,increasing,C,41.686,4,0.885,629.598167,0.9269257793150345,0.0,0.9269257793150345,increasing,1,review,2.0,1,review
dia60al40-dem-artifacts-sizeC-Emax41.686-mu0.885-seed1,needs_physics_calibration,1.0,0.0,0.0,0.0,flat,C,41.686,2,0.885,629.598167,-0.36439706347600154,1.0,0.6356029365239985,decreasing,1,review,0.05,0,review
dia60al40-dem-artifacts-sizeC-Emax41.686-mu0.885-seed1,needs_physics_calibration,1.0,0.0,0.0,0.0,flat,C,41.686,2,0.885,629.598167,-0.34851150159049105,1.0,0.651488498409509,decreasing,1,review,0.1,0,review
dia60al40-dem-artifacts-sizeC-Emax41.686-mu0.885-seed1,needs_physics_calibration,1.0,0.0,0.0,0.0,flat,C,41.686,2,0.885,629.598167,-0.313246553277436,1.0,0.686753446722564,decreasing,1,review,0.25,0,review
dia60al40-dem-artifacts-sizeC-Emax41.686-mu0.885-seed1,needs_physics_calibration,1.0,0.0,0.0,0.0,flat,C,41.686,2,0.885,629.598167,-0.25182433367204704,1.0,0.748175666327953,decreasing,1,review,0.5,0,review
dia60al40-dem-artifacts-sizeC-Emax41.686-mu0.885-seed1,needs_physics_calibration,1.0,0.0,0.0,0.0,flat,C,41.686,2,0.885,629.598167,-0.1969369561163572,1.0,0.8030630438836428,decreasing,1,review,0.75,0,review
dia60al40-dem-artifacts-sizeC-Emax41.686-mu0.885-seed1,needs_physics_calibration,1.0,0.9795735093962309,0.0,0.9795735093962309,increasing,C,41.686,2,0.885,629.598167,-0.1655470208230546,1.0,0.8344529791769454,decreasing,1,review,1.0,0,review
dia60al40-dem-artifacts-sizeC-Emax41.686-mu0.885-seed1,needs_physics_calibration,0.8333333333333334,0.0,0.0,0.0,flat,C,41.686,3,0.885,629.598167,-0.36439706347600154,1.0,0.6356029365239985,decreasing,1,review,0.05,0,review
dia60al40-dem-artifacts-sizeC-Emax41.686-mu0.885-seed1,needs_physics_calibration,0.8333333333333334,0.0,0.0,0.0,flat,C,41.686,3,0.885,629.598167,-0.34851150159049105,1.0,0.651488498409509,decreasing,1,review,0.1,0,review
dia60al40-dem-artifacts-sizeC-Emax41.686-mu0.885-seed1,needs_physics_calibration,0.6666666666666666,0.0,0.0,0.0,flat,C,41.686,4,0.885,629.598167,-0.36439706347600154,1.0,0.6356029365239985,decreasing,1,review,0.05,0,review
dia60al40-dem-artifacts-sizeC-Emax41.686-mu0.885-seed1,needs_physics_calibration,0.6666666666666666,0.0,0.0,0.0,flat,C,41.686,4,0.885,629.598167,-0.34851150159049105,1.0,0.651488498409509,decreasing,1,review,0.1,0,review
dia60al40-dem-artifacts-sizeC-Emax41.686-mu0.885-seed1,needs_physics_calibration,0.6666666666666666,0.0,0.0,0.0,flat,C,41.686,3,0.885,629.598167,-0.313246553277436,1.0,0.686753446722564,decreasing,1,review,0.25,0,review
dia60al40-dem-artifacts-sizeC-Emax41.686-mu0.885-seed1,needs_physics_calibration,0.6666666666666666,0.0,0.0,0.0,flat,C,41.686,4,0.885,629.598167,-0.313246553277436,1.0,0.686753446722564,decreasing,1,review,0.25,0,review
dia60al40-dem-artifacts-sizeC-Emax41.686-mu0.885-seed1,needs_physics_calibration,0.6666666666666666,0.0,0.0,0.0,flat,C,41.686,3,0.885,629.598167,-0.25182433367204704,1.0,0.748175666327953,decreasing,1,review,0.5,0,review
dia60al40-dem-artifacts-sizeC-Emax41.686-mu0.885-seed1,needs_physics_calibration,0.6666666666666666,0.0,0.0,0.0,flat,C,41.686,4,0.885,629.598167,-0.25182433367204704,1.0,0.748175666327953,decreasing,1,review,0.5,0,review
dia60al40-dem-artifacts-sizeC-Emax41.686-mu0.885-seed1,needs_physics_calibration,0.6666666666666666,0.0,0.0,0.0,flat,C,41.686,3,0.885,629.598167,-0.1969369561163572,1.0,0.8030630438836428,decreasing,1,review,0.75,0,review
dia60al40-dem-artifacts-sizeC-Emax41.686-mu0.885-seed1,needs_physics_calibration,0.6666666666666666,0.0,0.0,0.0,flat,C,41.686,4,0.885,629.598167,-0.1969369561163572,1.0,0.8030630438836428,decreasing,1,review,0.75,0,review
dia60al40-dem-artifacts-sizeC-Emax41.686-mu0.885-seed1,needs_physics_calibration,0.6666666666666666,0.0,0.0,0.0,flat,C,41.686,3,0.885,629.598167,-0.1655470208230546,1.0,0.8344529791769454,decreasing,1,review,1.0,0,review
dia60al40-dem-artifacts-sizeC-Emax41.686-mu0.885-seed1,needs_physics_calibration,0.6666666666666666,0.0,0.0,0.0,flat,C,41.686,4,0.885,629.598167,-0.1655470208230546,1.0,0.8344529791769454,decreasing,1,review,1.0,0,review
dia60al40-dem-artifacts-sizeC-Emax41.686-mu0.885-seed2,needs_participation_increase,1.0,-0.24997479848299278,0.24997479848299278,0.0,decreasing,C,41.686,2,0.885,630.318319,-0.1747851687542078,0.7923449492079754,0.6175597804537676,decreasing,2,review,0.05,1,review
dia60al40-dem-artifacts-sizeC-Emax41.686-mu0.885-seed2,needs_participation_increase,1.0,-0.24997479848299278,0.24997479848299278,0.0,decreasing,C,41.686,2,0.885,630.318319,-0.1676859421764626,0.7923449492079754,0.6246590070315128,decreasing,2,review,0.1,1,review
dia60al40-dem-artifacts-sizeC-Emax41.686-mu0.885-seed2,needs_participation_increase,1.0,-0.24997479848299278,0.24997479848299278,0.0,decreasing,C,41.686,2,0.885,630.318319,-0.1130998358355999,0.7923449492079754,0.6792451133723755,decreasing,2,review,0.25,1,review
dia60al40-dem-artifacts-sizeC-Emax41.686-mu0.885-seed2,needs_participation_increase,1.0,-0.18771267109840029,0.18771267109840029,0.0,decreasing,C,41.686,2,0.885,630.318319,-0.11315899561639808,0.8645396388563089,0.7513806432399108,decreasing,2,review,0.5,1,review
dia60al40-dem-artifacts-sizeC-Emax41.686-mu0.885-seed2,needs_participation_increase,1.0,-0.18771267109840029,0.18771267109840029,0.0,decreasing,C,41.686,2,0.885,630.318319,-0.06088319438739831,0.8645396388563089,0.8036564444689106,decreasing,2,review,0.75,1,review
dia60al40-dem-artifacts-sizeC-Emax41.686-mu0.885-seed2,needs_physics_calibration,1.0,0.0,0.0,0.0,flat,C,41.686,3,0.885,630.318319,-0.1747851687542078,0.7923449492079754,0.6175597804537676,decreasing,2,review,0.05,0,review
dia60al40-dem-artifacts-sizeC-Emax41.686-mu0.885-seed2,needs_physics_calibration,1.0,0.0,0.0,0.0,flat,C,41.686,4,0.885,630.318319,-0.1747851687542078,0.7923449492079754,0.6175597804537676,decreasing,2,review,0.05,0,review
dia60al40-dem-artifacts-sizeC-Emax41.686-mu0.885-seed2,needs_physics_calibration,1.0,0.0,0.0,0.0,flat,C,41.686,3,0.885,630.318319,-0.1676859421764626,0.7923449492079754,0.6246590070315128,decreasing,2,review,0.1,0,review
dia60al40-dem-artifacts-sizeC-Emax41.686-mu0.885-seed2,needs_physics_calibration,1.0,0.0,0.0,0.0,flat,C,41.686,4,0.885,630.318319,-0.1676859421764626,0.7923449492079754,0.6246590070315128,decreasing,2,review,0.1,0,review
dia60al40-dem-artifacts-sizeC-Emax41.686-mu0.885-seed2,needs_physics_calibration,1.0,0.0,0.0,0.0,flat,C,41.686,3,0.885,630.318319,-0.1130998358355999,0.7923449492079754,0.6792451133723755,decreasing,2,review,0.25,0,review
dia60al40-dem-artifacts-sizeC-Emax41.686-mu0.885-seed2,needs_physics_calibration,1.0,0.0,0.0,0.0,flat,C,41.686,4,0.885,630.318319,-0.1130998358355999,0.7923449492079754,0.6792451133723755,decreasing,2,review,0.25,0,review
dia60al40-dem-artifacts-sizeC-Emax41.686-mu0.885-seed2,needs_physics_calibration,1.0,0.0,0.0,0.0,flat,C,41.686,3,0.885,630.318319,-0.11315899561639808,0.8645396388563089,0.7513806432399108,decreasing,2,review,0.5,0,review
dia60al40-dem-artifacts-sizeC-Emax41.686-mu0.885-seed2,needs_physics_calibration,1.0,0.0,0.0,0.0,flat,C,41.686,4,0.885,630.318319,-0.11315899561639808,0.8645396388563089,0.7513806432399108,decreasing,2,review,0.5,0,review
dia60al40-dem-artifacts-sizeC-Emax41.686-mu0.885-seed2,needs_physics_calibration,1.0,0.0,0.0,0.0,flat,C,41.686,3,0.885,630.318319,-0.06088319438739831,0.8645396388563089,0.8036564444689106,decreasing,2,review,0.75,0,review
dia60al40-dem-artifacts-sizeC-Emax41.686-mu0.885-seed2,needs_physics_calibration,1.0,0.0,0.0,0.0,flat,C,41.686,4,0.885,630.318319,-0.06088319438739831,0.8645396388563089,0.8036564444689106,decreasing,2,review,0.75,0,review
dia60al40-dem-artifacts-sizeC-Emax41.686-mu0.885-seed2,needs_physics_calibration,1.0,0.9187632514264902,0.059280707646539234,0.9780439590730294,increasing,C,41.686,2,0.885,630.318319,-0.06829567089437605,0.9186693246797963,0.8503736537854203,decreasing,2,review,1.0,0,review
dia60al40-dem-artifacts-sizeC-Emax41.686-mu0.885-seed2,needs_physics_calibration,1.0,0.0,0.0,0.0,flat,C,41.686,3,0.885,630.318319,-0.06829567089437605,0.9186693246797963,0.8503736537854203,decreasing,2,review,1.0,0,review
dia60al40-dem-artifacts-sizeC-Emax41.686-mu0.885-seed2,needs_physics_calibration,1.0,1.3456866350812617,0.23596370368956618,1.5816503387708278,increasing,C,41.686,2,0.885,630.318319,-0.05499277683465764,0.94725775889837,0.8922649820637124,decreasing,2,review,1.25,0,review
dia60al40-dem-artifacts-sizeC-Emax41.686-mu0.885-seed2,needs_physics_calibration,1.0,1.4437008613087374,0.0,1.4437008613087374,increasing,C,41.686,2,0.885,630.318319,-0.08164354860344847,1.0,0.9183564513965515,decreasing,2,review,1.5,0,review
dia60al40-dem-artifacts-sizeC-Emax41.686-mu0.885-seed2,needs_physics_calibration,1.0,0.7235072200786119,0.0,0.7235072200786119,increasing,C,41.686,2,0.885,630.318319,-0.04702513915251538,1.0,0.9529748608474846,decreasing,2,review,2.0,0,review
dia60al40-dem-artifacts-sizeC-Emax41.686-mu0.885-seed2,needs_physics_calibration,0.8333333333333334,0.0,0.0,0.0,flat,C,41.686,4,0.885,630.318319,-0.06829567089437605,0.9186693246797963,0.8503736537854203,decreasing,2,review,1.0,0,review
dia60al40-dem-artifacts-sizeC-Emax41.686-mu0.885-seed2,needs_physics_calibration,0.8333333333333334,1.1166042383077888,0.0,1.1166042383077888,increasing,C,41.686,3,0.885,630.318319,-0.05499277683465764,0.94725775889837,0.8922649820637124,decreasing,2,review,1.25,0,review
dia60al40-dem-artifacts-sizeC-Emax41.686-mu0.885-seed2,needs_physics_calibration,0.8333333333333334,0.7762358716270293,0.0,0.7762358716270293,increasing,C,41.686,4,0.885,630.318319,-0.05499277683465764,0.94725775889837,0.8922649820637124,decreasing,2,review,1.25,0,review
dia60al40-dem-artifacts-sizeC-Emax41.686-mu0.885-seed2,needs_physics_calibration,0.8333333333333334,1.1889619666346904,0.0,1.1889619666346904,increasing,C,41.686,3,0.885,630.318319,-0.08164354860344847,1.0,0.9183564513965515,decreasing,2,review,1.5,0,review
dia60al40-dem-artifacts-sizeC-Emax41.686-mu0.885-seed2,needs_physics_calibration,0.8333333333333334,0.0,0.0,0.0,flat,C,41.686,4,0.885,630.318319,-0.08164354860344847,1.0,0.9183564513965515,decreasing,2,review,1.5,0,review
dia60al40-dem-artifacts-sizeC-Emax41.686-mu0.885-seed2,needs_physics_calibration,0.8333333333333334,0.35788998665830624,0.0,0.35788998665830624,increasing,C,41.686,3,0.885,630.318319,-0.04702513915251538,1.0,0.9529748608474846,decreasing,2,review,2.0,0,review
dia60al40-dem-artifacts-sizeC-Emax41.686-mu0.885-seed2,needs_physics_calibration,0.8333333333333334,0.35788998665830624,0.0,0.35788998665830624,increasing,C,41.686,4,0.885,630.318319,-0.04702513915251538,1.0,0.9529748608474846,decreasing,2,review,2.0,0,review
dia60al40-dem-artifacts-sizeC-Emax44.772-mu0.654-seed0,needs_participation_increase,1.0,-0.9867906500075595,0.9867906500075595,0.0,decreasing,C,44.772,2,0.654,586.07238,-0.20953527068793742,0.7668356814474137,0.5573004107594762,decreasing,0,review,0.05,1,review
dia60al40-dem-artifacts-sizeC-Emax44.772-mu0.654-seed0,needs_physics_calibration,1.0,0.0,0.0,0.0,flat,C,44.772,3,0.654,586.07238,-0.20953527068793742,0.7668356814474137,0.5573004107594762,decreasing,0,review,0.05,0,review
dia60al40-dem-artifacts-sizeC-Emax44.772-mu0.654-seed0,needs_physics_calibration,1.0,0.0,0.0,0.0,flat,C,44.772,2,0.654,586.07238,-0.3097066858607751,0.8830697949079475,0.5733631090471724,decreasing,0,review,0.1,0,review
dia60al40-dem-artifacts-sizeC-Emax44.772-mu0.654-seed0,needs_physics_calibration,1.0,0.0,0.0,0.0,flat,C,44.772,3,0.654,586.07238,-0.3097066858607751,0.8830697949079475,0.5733631090471724,decreasing,0,review,0.1,0,review
dia60al40-dem-artifacts-sizeC-Emax44.772-mu0.654-seed0,needs_physics_calibration,1.0,0.0,0.0,0.0,flat,C,44.772,2,0.654,586.07238,-0.2747808535988485,0.8830697949079475,0.6082889413090989,decreasing,0,review,0.25,0,review
dia60al40-dem-artifacts-sizeC-Emax44.772-mu0.654-seed0,needs_physics_calibration,1.0,0.0,0.0,0.0,flat,C,44.772,3,0.654,586.07238,-0.2747808535988485,0.8830697949079475,0.6082889413090989,decreasing,0,review,0.25,0,review
dia60al40-dem-artifacts-sizeC-Emax44.772-mu0.654-seed0,needs_physics_calibration,1.0,0.0,0.0,0.0,flat,C,44.772,2,0.654,586.07238,-0.22309465760267433,0.8830697949079475,0.6599751373052731,decreasing,0,review,0.5,0,review
dia60al40-dem-artifacts-sizeC-Emax44.772-mu0.654-seed0,needs_physics_calibration,1.0,0.0,0.0,0.0,flat,C,44.772,3,0.654,586.07238,-0.22309465760267433,0.8830697949079475,0.6599751373052731,decreasing,0,review,0.5,0,review
dia60al40-dem-artifacts-sizeC-Emax44.772-mu0.654-seed0,needs_physics_calibration,1.0,0.0,0.0,0.0,flat,C,44.772,2,0.654,586.07238,-0.21896405104523442,0.930121055780727,0.7111570047354926,decreasing,0,review,0.75,0,review
dia60al40-dem-artifacts-sizeC-Emax44.772-mu0.654-seed0,needs_physics_calibration,1.0,0.0,0.0,0.0,flat,C,44.772,3,0.654,586.07238,-0.21896405104523442,0.930121055780727,0.7111570047354926,decreasing,0,review,0.75,0,review
dia60al40-dem-artifacts-sizeC-Emax44.772-mu0.654-seed0,needs_physics_calibration,1.0,0.0,0.0,0.0,flat,C,44.772,2,0.654,586.07238,-0.21124631324711785,0.982215415934828,0.7709691026877101,decreasing,0,review,1.0,0,review
dia60al40-dem-artifacts-sizeC-Emax44.772-mu0.654-seed0,needs_physics_calibration,1.0,0.0,0.0,0.0,flat,C,44.772,3,0.654,586.07238,-0.21124631324711785,0.982215415934828,0.7709691026877101,decreasing,0,review,1.0,0,review
dia60al40-dem-artifacts-sizeC-Emax44.772-mu0.654-seed0,needs_physics_calibration,1.0,1.3125716247313548,0.0,1.3125716247313548,increasing,C,44.772,2,0.654,586.07238,-0.17903502246689262,0.982215415934828,0.8031803934679353,decreasing,0,review,1.25,0,review
dia60al40-dem-artifacts-sizeC-Emax44.772-mu0.654-seed0,needs_physics_calibration,1.0,1.2614365445976399,0.0,1.2614365445976399,increasing,C,44.772,2,0.654,586.07238,-0.14488081506897754,0.982215415934828,0.8373346008658504,decreasing,0,review,1.5,0,review
dia60al40-dem-artifacts-sizeC-Emax44.772-mu0.654-seed0,needs_physics_calibration,1.0,0.9245338320396743,0.0,0.9245338320396743,increasing,C,44.772,2,0.654,586.07238,-0.1125900074418682,1.0,0.8874099925581318,decreasing,0,review,2.0,0,review
dia60al40-dem-artifacts-sizeC-Emax44.772-mu0.654-seed0,needs_physics_calibration,0.8333333333333334,0.0,0.0,0.0,flat,C,44.772,4,0.654,586.07238,-0.20953527068793742,0.7668356814474137,0.5573004107594762,decreasing,0,review,0.05,0,review
dia60al40-dem-artifacts-sizeC-Emax44.772-mu0.654-seed0,needs_physics_calibration,0.8333333333333334,0.0,0.0,0.0,flat,C,44.772,4,0.654,586.07238,-0.3097066858607751,0.8830697949079475,0.5733631090471724,decreasing,0,review,0.1,0,review
dia60al40-dem-artifacts-sizeC-Emax44.772-mu0.654-seed0,needs_physics_calibration,0.8333333333333334,0.0,0.0,0.0,flat,C,44.772,4,0.654,586.07238,-0.2747808535988485,0.8830697949079475,0.6082889413090989,decreasing,0,review,0.25,0,review
dia60al40-dem-artifacts-sizeC-Emax44.772-mu0.654-seed0,needs_physics_calibration,0.8333333333333334,0.0,0.0,0.0,flat,C,44.772,4,0.654,586.07238,-0.22309465760267433,0.8830697949079475,0.6599751373052731,decreasing,0,review,0.5,0,review
dia60al40-dem-artifacts-sizeC-Emax44.772-mu0.654-seed0,needs_physics_calibration,0.8333333333333334,0.0,0.0,0.0,flat,C,44.772,4,0.654,586.07238,-0.21896405104523442,0.930121055780727,0.7111570047354926,decreasing,0,review,0.75,0,review
dia60al40-dem-artifacts-sizeC-Emax44.772-mu0.654-seed0,needs_physics_calibration,0.8333333333333334,0.0,0.0,0.0,flat,C,44.772,4,0.654,586.07238,-0.21124631324711785,0.982215415934828,0.7709691026877101,decreasing,0,review,1.0,0,review
dia60al40-dem-artifacts-sizeC-Emax44.772-mu0.654-seed0,needs_physics_calibration,0.8333333333333334,0.9356314377023537,0.0,0.9356314377023537,increasing,C,44.772,3,0.654,586.07238,-0.17903502246689262,0.982215415934828,0.8031803934679353,decreasing,0,review,1.25,0,review
dia60al40-dem-artifacts-sizeC-Emax44.772-mu0.654-seed0,needs_physics_calibration,0.8333333333333334,0.0,0.0,0.0,flat,C,44.772,4,0.654,586.07238,-0.17903502246689262,0.982215415934828,0.8031803934679353,decreasing,0,review,1.25,0,review
dia60al40-dem-artifacts-sizeC-Emax44.772-mu0.654-seed0,needs_physics_calibration,0.8333333333333334,0.8983936980417021,0.0,0.8983936980417021,increasing,C,44.772,3,0.654,586.07238,-0.14488081506897754,0.982215415934828,0.8373346008658504,decreasing,0,review,1.5,0,review
dia60al40-dem-artifacts-sizeC-Emax44.772-mu0.654-seed0,needs_physics_calibration,0.8333333333333334,0.0,0.0,0.0,flat,C,44.772,4,0.654,586.07238,-0.14488081506897754,0.982215415934828,0.8373346008658504,decreasing,0,review,1.5,0,review
dia60al40-dem-artifacts-sizeC-Emax44.772-mu0.654-seed0,needs_physics_calibration,0.6666666666666666,0.0,0.0,0.0,flat,C,44.772,3,0.654,586.07238,-0.1125900074418682,1.0,0.8874099925581318,decreasing,0,review,2.0,0,review
dia60al40-dem-artifacts-sizeC-Emax44.772-mu0.654-seed0,needs_physics_calibration,0.6666666666666666,0.0,0.0,0.0,flat,C,44.772,4,0.654,586.07238,-0.1125900074418682,1.0,0.8874099925581318,decreasing,0,review,2.0,0,review
dia60al40-dem-artifacts-sizeC-Emax44.772-mu0.654-seed1,needs_participation_increase,1.0,-0.7736347232171241,0.7736347232171241,0.0,decreasing,C,44.772,2,0.654,658.476536,-0.07495513274721965,0.6255823057075758,0.5506271729603561,decreasing,1,review,0.05,1,review
dia60al40-dem-artifacts-sizeC-Emax44.772-mu0.654-seed1,needs_participation_increase,1.0,-0.7736347232171241,0.7736347232171241,0.0,decreasing,C,44.772,2,0.654,658.476536,-0.05937135056703613,0.6255823057075758,0.5662109551405397,decreasing,1,review,0.1,1,review
dia60al40-dem-artifacts-sizeC-Emax44.772-mu0.654-seed1,needs_d1_decrease,0.8333333333333334,0.8085257944485126,0.0,0.8085257944485126,increasing,C,44.772,2,0.654,658.476536,0.9170591235167691,0.0,0.9170591235167691,increasing,1,review,2.0,1,review
dia60al40-dem-artifacts-sizeC-Emax44.772-mu0.654-seed1,needs_d1_decrease,0.6666666666666666,0.6092106260071586,0.0,0.6092106260071586,increasing,C,44.772,3,0.654,658.476536,0.9170591235167691,0.0,0.9170591235167691,increasing,1,review,2.0,1,review
dia60al40-dem-artifacts-sizeC-Emax44.772-mu0.654-seed1,needs_d1_decrease,0.5,0.2779048305849563,0.0,0.2779048305849563,increasing,C,44.772,4,0.654,658.476536,0.9170591235167691,0.0,0.9170591235167691,increasing,1,review,2.0,1,review
dia60al40-dem-artifacts-sizeC-Emax44.772-mu0.654-seed1,needs_physics_calibration,1.0,0.0,0.0,0.0,flat,C,44.772,2,0.654,658.476536,-0.3928162966394946,1.0,0.6071837033605054,decreasing,1,review,0.25,0,review
dia60al40-dem-artifacts-sizeC-Emax44.772-mu0.654-seed1,needs_physics_calibration,1.0,0.0,0.0,0.0,flat,C,44.772,2,0.654,658.476536,-0.3219845043439218,1.0,0.6780154956560782,decreasing,1,review,0.5,0,review
dia60al40-dem-artifacts-sizeC-Emax44.772-mu0.654-seed1,needs_physics_calibration,1.0,0.0,0.0,0.0,flat,C,44.772,2,0.654,658.476536,-0.27945480970236636,1.0,0.7205451902976336,decreasing,1,review,0.75,0,review
dia60al40-dem-artifacts-sizeC-Emax44.772-mu0.654-seed1,needs_physics_calibration,1.0,1.3647175473443671,0.0,1.3647175473443671,increasing,C,44.772,2,0.654,658.476536,-0.22551106318102443,1.0,0.7744889368189756,decreasing,1,review,1.0,0,review
dia60al40-dem-artifacts-sizeC-Emax44.772-mu0.654-seed1,needs_physics_calibration,1.0,0.9676442577868208,0.0,0.9676442577868208,increasing,C,44.772,2,0.654,658.476536,-0.1897133881724995,1.0,0.8102866118275005,decreasing,1,review,1.25,0,review
dia60al40-dem-artifacts-sizeC-Emax44.772-mu0.654-seed1,needs_physics_calibration,1.0,1.3273232991618704,0.0,1.3273232991618704,increasing,C,44.772,2,0.654,658.476536,-0.1494781399373859,1.0,0.8505218600626141,decreasing,1,review,1.5,0,review
dia60al40-dem-artifacts-sizeC-Emax44.772-mu0.654-seed1,needs_physics_calibration,0.8333333333333334,0.0,0.0,0.0,flat,C,44.772,3,0.654,658.476536,-0.07495513274721965,0.6255823057075758,0.5506271729603561,decreasing,1,review,0.05,0,review
dia60al40-dem-artifacts-sizeC-Emax44.772-mu0.654-seed1,needs_physics_calibration,0.8333333333333334,0.0,0.0,0.0,flat,C,44.772,4,0.654,658.476536,-0.07495513274721965,0.6255823057075758,0.5506271729603561,decreasing,1,review,0.05,0,review
dia60al40-dem-artifacts-sizeC-Emax44.772-mu0.654-seed1,needs_physics_calibration,0.8333333333333334,0.0,0.0,0.0,flat,C,44.772,3,0.654,658.476536,-0.05937135056703613,0.6255823057075758,0.5662109551405397,decreasing,1,review,0.1,0,review
dia60al40-dem-artifacts-sizeC-Emax44.772-mu0.654-seed1,needs_physics_calibration,0.8333333333333334,0.0,0.0,0.0,flat,C,44.772,4,0.654,658.476536,-0.05937135056703613,0.6255823057075758,0.5662109551405397,decreasing,1,review,0.1,0,review
dia60al40-dem-artifacts-sizeC-Emax44.772-mu0.654-seed1,needs_physics_calibration,0.8333333333333334,0.0,0.0,0.0,flat,C,44.772,3,0.654,658.476536,-0.3928162966394946,1.0,0.6071837033605054,decreasing,1,review,0.25,0,review
dia60al40-dem-artifacts-sizeC-Emax44.772-mu0.654-seed1,needs_physics_calibration,0.6666666666666666,0.0,0.0,0.0,flat,C,44.772,4,0.654,658.476536,-0.3928162966394946,1.0,0.6071837033605054,decreasing,1,review,0.25,0,review
dia60al40-dem-artifacts-sizeC-Emax44.772-mu0.654-seed1,needs_physics_calibration,0.6666666666666666,0.0,0.0,0.0,flat,C,44.772,3,0.654,658.476536,-0.3219845043439218,1.0,0.6780154956560782,decreasing,1,review,0.5,0,review
dia60al40-dem-artifacts-sizeC-Emax44.772-mu0.654-seed1,needs_physics_calibration,0.6666666666666666,0.0,0.0,0.0,flat,C,44.772,3,0.654,658.476536,-0.27945480970236636,1.0,0.7205451902976336,decreasing,1,review,0.75,0,review
dia60al40-dem-artifacts-sizeC-Emax44.772-mu0.654-seed1,needs_physics_calibration,0.6666666666666666,0.0,0.0,0.0,flat,C,44.772,3,0.654,658.476536,-0.22551106318102443,1.0,0.7744889368189756,decreasing,1,review,1.0,0,review
dia60al40-dem-artifacts-sizeC-Emax44.772-mu0.654-seed1,needs_physics_calibration,0.6666666666666666,0.0,0.0,0.0,flat,C,44.772,3,0.654,658.476536,-0.1897133881724995,1.0,0.8102866118275005,decreasing,1,review,1.25,0,review
dia60al40-dem-artifacts-sizeC-Emax44.772-mu0.654-seed1,needs_physics_calibration,0.6666666666666666,0.0,0.0,0.0,flat,C,44.772,3,0.654,658.476536,-0.1494781399373859,1.0,0.8505218600626141,decreasing,1,review,1.5,0,review
dia60al40-dem-artifacts-sizeC-Emax44.772-mu0.654-seed1,needs_physics_calibration,0.5,0.0,0.0,0.0,flat,C,44.772,4,0.654,658.476536,-0.3219845043439218,1.0,0.6780154956560782,decreasing,1,review,0.5,0,review
dia60al40-dem-artifacts-sizeC-Emax44.772-mu0.654-seed1,needs_physics_calibration,0.5,0.0,0.0,0.0,flat,C,44.772,4,0.654,658.476536,-0.27945480970236636,1.0,0.7205451902976336,decreasing,1,review,0.75,0,review
dia60al40-dem-artifacts-sizeC-Emax44.772-mu0.654-seed1,needs_physics_calibration,0.5,0.0,0.0,0.0,flat,C,44.772,4,0.654,658.476536,-0.22551106318102443,1.0,0.7744889368189756,decreasing,1,review,1.0,0,review
dia60al40-dem-artifacts-sizeC-Emax44.772-mu0.654-seed1,needs_physics_calibration,0.5,0.0,0.0,0.0,flat,C,44.772,4,0.654,658.476536,-0.1897133881724995,1.0,0.8102866118275005,decreasing,1,review,1.25,0,review
dia60al40-dem-artifacts-sizeC-Emax44.772-mu0.654-seed1,needs_physics_calibration,0.5,0.0,0.0,0.0,flat,C,44.772,4,0.654,658.476536,-0.1494781399373859,1.0,0.8505218600626141,decreasing,1,review,1.5,0,review
dia60al40-dem-artifacts-sizeC-Emax44.772-mu0.654-seed2,candidate_pass,1.0,-1.261288150403609,1.261288150403609,0.0,decreasing,C,44.772,2,0.654,634.203315,0.3320030432514447,0.2585339547619663,0.590536998013411,increasing,2,pass,0.05,2,pass
dia60al40-dem-artifacts-sizeC-Emax44.772-mu0.654-seed2,candidate_pass,1.0,-0.3937509233731842,0.3937509233731842,0.0,decreasing,C,44.772,3,0.654,634.203315,0.3320030432514447,0.2585339547619663,0.590536998013411,increasing,2,pass,0.05,2,pass
dia60al40-dem-artifacts-sizeC-Emax44.772-mu0.654-seed2,candidate_pass,1.0,-1.277856926366835,1.277856926366835,0.0,decreasing,C,44.772,2,0.654,634.203315,0.28963610752856295,0.3043810161124698,0.5940171236410328,increasing,2,pass,0.1,2,pass
dia60al40-dem-artifacts-sizeC-Emax44.772-mu0.654-seed2,candidate_pass,1.0,-1.082593240634108,1.082593240634108,0.0,decreasing,C,44.772,2,0.654,634.203315,0.1938041573106289,0.4604034343349757,0.6542075916456046,increasing,2,pass,0.25,2,pass
dia60al40-dem-artifacts-sizeC-Emax44.772-mu0.654-seed2,candidate_pass,1.0,-0.7760600454707254,0.7760600454707254,0.0,decreasing,C,44.772,2,0.654,634.203315,0.1045209825474347,0.6241148513837935,0.7286358339312282,increasing,2,pass,0.5,2,pass
dia60al40-dem-artifacts-sizeC-Emax44.772-mu0.654-seed2,needs_d1_decrease,1.0,0.0,0.0,0.0,flat,C,44.772,3,0.654,634.203315,0.28963610752856295,0.3043810161124698,0.5940171236410328,increasing,2,review,0.1,1,pass
dia60al40-dem-artifacts-sizeC-Emax44.772-mu0.654-seed2,needs_d1_decrease,0.8333333333333334,0.0,0.0,0.0,flat,C,44.772,4,0.654,634.203315,0.3320030432514447,0.2585339547619663,0.590536998013411,increasing,2,review,0.05,1,pass
dia60al40-dem-artifacts-sizeC-Emax44.772-mu0.654-seed2,needs_d1_decrease,0.8333333333333334,0.0,0.0,0.0,flat,C,44.772,4,0.654,634.203315,0.28963610752856295,0.3043810161124698,0.5940171236410328,increasing,2,review,0.1,1,pass
dia60al40-dem-artifacts-sizeC-Emax44.772-mu0.654-seed2,needs_d1_decrease,0.8333333333333334,0.0,0.0,0.0,flat,C,44.772,3,0.654,634.203315,0.1938041573106289,0.4604034343349757,0.6542075916456046,increasing,2,review,0.25,1,pass
dia60al40-dem-artifacts-sizeC-Emax44.772-mu0.654-seed2,needs_d1_decrease,0.8333333333333334,0.0,0.0,0.0,flat,C,44.772,4,0.654,634.203315,0.1938041573106289,0.4604034343349757,0.6542075916456046,increasing,2,review,0.25,1,pass
dia60al40-dem-artifacts-sizeC-Emax44.772-mu0.654-seed2,needs_d1_decrease,0.8333333333333334,0.0,0.0,0.0,flat,C,44.772,3,0.654,634.203315,0.1045209825474347,0.6241148513837935,0.7286358339312282,increasing,2,review,0.5,1,pass
dia60al40-dem-artifacts-sizeC-Emax44.772-mu0.654-seed2,needs_d1_decrease,0.8333333333333334,0.0,0.0,0.0,flat,C,44.772,4,0.654,634.203315,0.1045209825474347,0.6241148513837935,0.7286358339312282,increasing,2,review,0.5,1,pass
dia60al40-dem-artifacts-sizeC-Emax44.772-mu0.654-seed2,needs_physics_calibration,1.0,1.387420131779258,0.0,1.387420131779258,increasing,C,44.772,2,0.654,634.203315,-0.20764213671662368,1.0,0.7923578632833763,decreasing,2,review,0.75,0,pass
dia60al40-dem-artifacts-sizeC-Emax44.772-mu0.654-seed2,needs_physics_calibration,1.0,0.9806326560372811,0.0,0.9806326560372811,increasing,C,44.772,2,0.654,634.203315,-0.17550431946331224,1.0,0.8244956805366878,decreasing,2,review,1.0,0,pass
dia60al40-dem-artifacts-sizeC-Emax44.772-mu0.654-seed2,needs_physics_calibration,1.0,0.9653351721543112,0.0,0.9653351721543112,increasing,C,44.772,2,0.654,634.203315,-0.1219265883643732,1.0,0.8780734116356268,decreasing,2,review,1.25,0,pass
dia60al40-dem-artifacts-sizeC-Emax44.772-mu0.654-seed2,needs_physics_calibration,1.0,0.9466250130254176,0.0,0.9466250130254176,increasing,C,44.772,2,0.654,634.203315,-0.07382235330015507,1.0,0.9261776466998449,decreasing,2,review,1.5,0,pass
dia60al40-dem-artifacts-sizeC-Emax44.772-mu0.654-seed2,needs_physics_calibration,1.0,0.0,0.0,0.0,flat,C,44.772,2,0.654,634.203315,-0.042642146161677164,1.0,0.9573578538383228,decreasing,2,review,2.0,0,pass
dia60al40-dem-artifacts-sizeC-Emax44.772-mu0.654-seed2,needs_physics_calibration,0.8333333333333334,0.0,0.0,0.0,flat,C,44.772,3,0.654,634.203315,-0.20764213671662368,1.0,0.7923578632833763,decreasing,2,review,0.75,0,pass
dia60al40-dem-artifacts-sizeC-Emax44.772-mu0.654-seed2,needs_physics_calibration,0.8333333333333334,0.0,0.0,0.0,flat,C,44.772,4,0.654,634.203315,-0.20764213671662368,1.0,0.7923578632833763,decreasing,2,review,0.75,0,pass
dia60al40-dem-artifacts-sizeC-Emax44.772-mu0.654-seed2,needs_physics_calibration,0.8333333333333334,0.0,0.0,0.0,flat,C,44.772,3,0.654,634.203315,-0.17550431946331224,1.0,0.8244956805366878,decreasing,2,review,1.0,0,pass
dia60al40-dem-artifacts-sizeC-Emax44.772-mu0.654-seed2,needs_physics_calibration,0.8333333333333334,0.0,0.0,0.0,flat,C,44.772,4,0.654,634.203315,-0.17550431946331224,1.0,0.8244956805366878,decreasing,2,review,1.0,0,pass
dia60al40-dem-artifacts-sizeC-Emax44.772-mu0.654-seed2,needs_physics_calibration,0.8333333333333334,0.0,0.0,0.0,flat,C,44.772,3,0.654,634.203315,-0.1219265883643732,1.0,0.8780734116356268,decreasing,2,review,1.25,0,pass
dia60al40-dem-artifacts-sizeC-Emax44.772-mu0.654-seed2,needs_physics_calibration,0.8333333333333334,0.0,0.0,0.0,flat,C,44.772,3,0.654,634.203315,-0.07382235330015507,1.0,0.9261776466998449,decreasing,2,review,1.5,0,pass
dia60al40-dem-artifacts-sizeC-Emax44.772-mu0.654-seed2,needs_physics_calibration,0.8333333333333334,0.0,0.0,0.0,flat,C,44.772,3,0.654,634.203315,-0.042642146161677164,1.0,0.9573578538383228,decreasing,2,review,2.0,0,pass
dia60al40-dem-artifacts-sizeC-Emax44.772-mu0.654-seed2,needs_physics_calibration,0.6666666666666666,0.0,0.0,0.0,flat,C,44.772,4,0.654,634.203315,-0.1219265883643732,1.0,0.8780734116356268,decreasing,2,review,1.25,0,pass
dia60al40-dem-artifacts-sizeC-Emax44.772-mu0.654-seed2,needs_physics_calibration,0.6666666666666666,0.0,0.0,0.0,flat,C,44.772,4,0.654,634.203315,-0.07382235330015507,1.0,0.9261776466998449,decreasing,2,review,1.5,0,pass
dia60al40-dem-artifacts-sizeC-Emax44.772-mu0.654-seed2,needs_physics_calibration,0.6666666666666666,0.0,0.0,0.0,flat,C,44.772,4,0.654,634.203315,-0.042642146161677164,1.0,0.9573578538383228,decreasing,2,review,2.0,0,pass
dia60al40-dem-artifacts-sizeC-Emax44.772-mu0.885-seed0,candidate_pass,1.0,-0.5958870050824611,0.5958870050824611,0.0,decreasing,C,44.772,2,0.885,638.890507,0.09940873782012938,0.5069089781955748,0.6063177160157042,increasing,0,pass,0.05,2,pass
dia60al40-dem-artifacts-sizeC-Emax44.772-mu0.885-seed0,candidate_pass,1.0,-0.5958870050824611,0.5958870050824611,0.0,decreasing,C,44.772,2,0.885,638.890507,0.11408450957137861,0.5069089781955748,0.6209934877669534,increasing,0,pass,0.1,2,pass
dia60al40-dem-artifacts-sizeC-Emax44.772-mu0.885-seed0,candidate_pass,1.0,-0.5958870050824611,0.5958870050824611,0.0,decreasing,C,44.772,2,0.885,638.890507,0.158126367173532,0.5069089781955748,0.6650353453691068,increasing,0,pass,0.25,2,pass
dia60al40-dem-artifacts-sizeC-Emax44.772-mu0.885-seed0,needs_d1_decrease,1.0,0.0,0.0,0.0,flat,C,44.772,3,0.885,638.890507,0.09940873782012938,0.5069089781955748,0.6063177160157042,increasing,0,review,0.05,1,pass
dia60al40-dem-artifacts-sizeC-Emax44.772-mu0.885-seed0,needs_d1_decrease,1.0,0.0,0.0,0.0,flat,C,44.772,3,0.885,638.890507,0.11408450957137861,0.5069089781955748,0.6209934877669534,increasing,0,review,0.1,1,pass
dia60al40-dem-artifacts-sizeC-Emax44.772-mu0.885-seed0,needs_d1_decrease,1.0,0.0,0.0,0.0,flat,C,44.772,3,0.885,638.890507,0.158126367173532,0.5069089781955748,0.6650353453691068,increasing,0,review,0.25,1,pass
dia60al40-dem-artifacts-sizeC-Emax44.772-mu0.885-seed0,needs_d1_decrease,0.6666666666666666,0.0,0.0,0.0,flat,C,44.772,4,0.885,638.890507,0.09940873782012938,0.5069089781955748,0.6063177160157042,increasing,0,review,0.05,1,pass
dia60al40-dem-artifacts-sizeC-Emax44.772-mu0.885-seed0,needs_d1_decrease,0.6666666666666666,0.0,0.0,0.0,flat,C,44.772,4,0.885,638.890507,0.11408450957137861,0.5069089781955748,0.6209934877669534,increasing,0,review,0.1,1,pass
dia60al40-dem-artifacts-sizeC-Emax44.772-mu0.885-seed0,needs_d1_decrease,0.6666666666666666,0.0,0.0,0.0,flat,C,44.772,4,0.885,638.890507,0.158126367173532,0.5069089781955748,0.6650353453691068,increasing,0,review,0.25,1,pass
dia60al40-dem-artifacts-sizeC-Emax44.772-mu0.885-seed0,needs_physics_calibration,1.0,0.0,0.0,0.0,flat,C,44.772,2,0.885,638.890507,-0.26624285465848463,1.0,0.7337571453415154,decreasing,0,review,0.5,0,pass
dia60al40-dem-artifacts-sizeC-Emax44.772-mu0.885-seed0,needs_physics_calibration,1.0,0.0,0.0,0.0,flat,C,44.772,2,0.885,638.890507,-0.21646112107564552,1.0,0.7835388789243545,decreasing,0,review,0.75,0,pass
dia60al40-dem-artifacts-sizeC-Emax44.772-mu0.885-seed0,needs_physics_calibration,1.0,0.9794906795612673,0.0,0.9794906795612673,increasing,C,44.772,2,0.885,638.890507,-0.17004156184398034,1.0,0.8299584381560197,decreasing,0,review,1.0,0,pass
dia60al40-dem-artifacts-sizeC-Emax44.772-mu0.885-seed0,needs_physics_calibration,1.0,0.0,0.0,0.0,flat,C,44.772,2,0.885,638.890507,-0.12536243166534,1.0,0.87463756833466,decreasing,0,review,1.25,0,pass
dia60al40-dem-artifacts-sizeC-Emax44.772-mu0.885-seed0,needs_physics_calibration,1.0,0.9066293842336259,0.0,0.9066293842336259,increasing,C,44.772,2,0.885,638.890507,-0.10061717297650918,1.0,0.8993828270234908,decreasing,0,review,1.5,0,pass
dia60al40-dem-artifacts-sizeC-Emax44.772-mu0.885-seed0,needs_physics_calibration,1.0,0.8039204995819776,0.0,0.8039204995819776,increasing,C,44.772,2,0.885,638.890507,-0.05002732322669001,1.0,0.94997267677331,decreasing,0,review,2.0,0,pass
dia60al40-dem-artifacts-sizeC-Emax44.772-mu0.885-seed0,needs_physics_calibration,0.8333333333333334,0.0,0.0,0.0,flat,C,44.772,3,0.885,638.890507,-0.26624285465848463,1.0,0.7337571453415154,decreasing,0,review,0.5,0,pass
dia60al40-dem-artifacts-sizeC-Emax44.772-mu0.885-seed0,needs_physics_calibration,0.8333333333333334,0.0,0.0,0.0,flat,C,44.772,3,0.885,638.890507,-0.21646112107564552,1.0,0.7835388789243545,decreasing,0,review,0.75,0,pass
dia60al40-dem-artifacts-sizeC-Emax44.772-mu0.885-seed0,needs_physics_calibration,0.8333333333333334,0.0,0.0,0.0,flat,C,44.772,3,0.885,638.890507,-0.17004156184398034,1.0,0.8299584381560197,decreasing,0,review,1.0,0,pass
dia60al40-dem-artifacts-sizeC-Emax44.772-mu0.885-seed0,needs_physics_calibration,0.8333333333333334,0.0,0.0,0.0,flat,C,44.772,3,0.885,638.890507,-0.12536243166534,1.0,0.87463756833466,decreasing,0,review,1.25,0,pass
dia60al40-dem-artifacts-sizeC-Emax44.772-mu0.885-seed0,needs_physics_calibration,0.8333333333333334,0.9066293842336259,0.0,0.9066293842336259,increasing,C,44.772,3,0.885,638.890507,-0.10061717297650918,1.0,0.8993828270234908,decreasing,0,review,1.5,0,pass
dia60al40-dem-artifacts-sizeC-Emax44.772-mu0.885-seed0,needs_physics_calibration,0.8333333333333334,0.8039204995819776,0.0,0.8039204995819776,increasing,C,44.772,3,0.885,638.890507,-0.05002732322669001,1.0,0.94997267677331,decreasing,0,review,2.0,0,pass
dia60al40-dem-artifacts-sizeC-Emax44.772-mu0.885-seed0,needs_physics_calibration,0.6666666666666666,0.0,0.0,0.0,flat,C,44.772,4,0.885,638.890507,-0.26624285465848463,1.0,0.7337571453415154,decreasing,0,review,0.5,0,pass
dia60al40-dem-artifacts-sizeC-Emax44.772-mu0.885-seed0,needs_physics_calibration,0.6666666666666666,0.0,0.0,0.0,flat,C,44.772,4,0.885,638.890507,-0.21646112107564552,1.0,0.7835388789243545,decreasing,0,review,0.75,0,pass
dia60al40-dem-artifacts-sizeC-Emax44.772-mu0.885-seed0,needs_physics_calibration,0.6666666666666666,0.0,0.0,0.0,flat,C,44.772,4,0.885,638.890507,-0.17004156184398034,1.0,0.8299584381560197,decreasing,0,review,1.0,0,pass
dia60al40-dem-artifacts-sizeC-Emax44.772-mu0.885-seed0,needs_physics_calibration,0.6666666666666666,0.0,0.0,0.0,flat,C,44.772,4,0.885,638.890507,-0.12536243166534,1.0,0.87463756833466,decreasing,0,review,1.25,0,pass
dia60al40-dem-artifacts-sizeC-Emax44.772-mu0.885-seed0,needs_physics_calibration,0.6666666666666666,0.0,0.0,0.0,flat,C,44.772,4,0.885,638.890507,-0.10061717297650918,1.0,0.8993828270234908,decreasing,0,review,1.5,0,pass
dia60al40-dem-artifacts-sizeC-Emax44.772-mu0.885-seed0,needs_physics_calibration,0.6666666666666666,0.0,0.0,0.0,flat,C,44.772,4,0.885,638.890507,-0.05002732322669001,1.0,0.94997267677331,decreasing,0,review,2.0,0,pass
dia60al40-dem-artifacts-sizeC-Emax44.772-mu0.885-seed1,needs_d1_decrease,0.8333333333333334,1.271675506790841,0.0,1.271675506790841,increasing,C,44.772,2,0.885,633.387654,0.872758867395816,0.0,0.872758867395816,increasing,1,review,1.25,1,review
dia60al40-dem-artifacts-sizeC-Emax44.772-mu0.885-seed1,needs_d1_decrease,0.8333333333333334,1.0748773280247674,0.0,1.0748773280247674,increasing,C,44.772,2,0.885,633.387654,0.8992755321918728,0.0,0.8992755321918728,increasing,1,review,1.5,1,review
dia60al40-dem-artifacts-sizeC-Emax44.772-mu0.885-seed1,needs_d1_decrease,0.6666666666666666,0.8069301493189549,0.0,0.8069301493189549,increasing,C,44.772,2,0.885,633.387654,0.9350481856631465,0.0,0.9350481856631465,increasing,1,review,2.0,1,review
dia60al40-dem-artifacts-sizeC-Emax44.772-mu0.885-seed1,needs_d1_decrease,0.5,0.40407081078551665,0.0,0.40407081078551665,increasing,C,44.772,3,0.885,633.387654,0.872758867395816,0.0,0.872758867395816,increasing,1,review,1.25,1,review
dia60al40-dem-artifacts-sizeC-Emax44.772-mu0.885-seed1,needs_d1_decrease,0.5,0.40407081078551665,0.0,0.40407081078551665,increasing,C,44.772,4,0.885,633.387654,0.872758867395816,0.0,0.872758867395816,increasing,1,review,1.25,1,review
dia60al40-dem-artifacts-sizeC-Emax44.772-mu0.885-seed1,needs_d1_decrease,0.5,0.6682143228904237,0.0,0.6682143228904237,increasing,C,44.772,3,0.885,633.387654,0.8992755321918728,0.0,0.8992755321918728,increasing,1,review,1.5,1,review
dia60al40-dem-artifacts-sizeC-Emax44.772-mu0.885-seed1,needs_d1_decrease,0.5,0.2897263179780058,0.0,0.2897263179780058,increasing,C,44.772,4,0.885,633.387654,0.8992755321918728,0.0,0.8992755321918728,increasing,1,review,1.5,1,review
dia60al40-dem-artifacts-sizeC-Emax44.772-mu0.885-seed1,needs_d1_decrease,0.5,0.6126052937468071,0.0,0.6126052937468071,increasing,C,44.772,3,0.885,633.387654,0.9350481856631465,0.0,0.9350481856631465,increasing,1,review,2.0,1,review
dia60al40-dem-artifacts-sizeC-Emax44.772-mu0.885-seed1,needs_d1_decrease,0.5,0.45690851875603533,0.0,0.45690851875603533,increasing,C,44.772,4,0.885,633.387654,0.9350481856631465,0.0,0.9350481856631465,increasing,1,review,2.0,1,review
dia60al40-dem-artifacts-sizeC-Emax44.772-mu0.885-seed1,needs_physics_calibration,1.0,0.0,0.0,0.0,flat,C,44.772,2,0.885,633.387654,-0.3675564060079206,1.0,0.6324435939920794,decreasing,1,review,0.05,0,review
dia60al40-dem-artifacts-sizeC-Emax44.772-mu0.885-seed1,needs_physics_calibration,1.0,0.0,0.0,0.0,flat,C,44.772,2,0.885,633.387654,-0.34888030472571996,1.0,0.65111969527428,decreasing,1,review,0.1,0,review
dia60al40-dem-artifacts-sizeC-Emax44.772-mu0.885-seed1,needs_physics_calibration,1.0,0.0,0.0,0.0,flat,C,44.772,2,0.885,633.387654,-0.3145264202533222,1.0,0.6854735797466778,decreasing,1,review,0.25,0,review
dia60al40-dem-artifacts-sizeC-Emax44.772-mu0.885-seed1,needs_physics_calibration,1.0,0.0,0.0,0.0,flat,C,44.772,2,0.885,633.387654,-0.23806281931634876,1.0,0.7619371806836512,decreasing,1,review,0.5,0,review
dia60al40-dem-artifacts-sizeC-Emax44.772-mu0.885-seed1,needs_physics_calibration,1.0,1.370964899168819,0.0,1.370964899168819,increasing,C,44.772,2,0.885,633.387654,-0.18991801573302913,1.0,0.8100819842669709,decreasing,1,review,0.75,0,review
dia60al40-dem-artifacts-sizeC-Emax44.772-mu0.885-seed1,needs_physics_calibration,1.0,0.0,0.0,0.0,flat,C,44.772,2,0.885,633.387654,-0.1579862724478821,1.0,0.8420137275521179,decreasing,1,review,1.0,0,review
dia60al40-dem-artifacts-sizeC-Emax44.772-mu0.885-seed1,needs_physics_calibration,0.6666666666666666,0.0,0.0,0.0,flat,C,44.772,3,0.885,633.387654,-0.3675564060079206,1.0,0.6324435939920794,decreasing,1,review,0.05,0,review
dia60al40-dem-artifacts-sizeC-Emax44.772-mu0.885-seed1,needs_physics_calibration,0.6666666666666666,0.0,0.0,0.0,flat,C,44.772,3,0.885,633.387654,-0.34888030472571996,1.0,0.65111969527428,decreasing,1,review,0.1,0,review
dia60al40-dem-artifacts-sizeC-Emax44.772-mu0.885-seed1,needs_physics_calibration,0.6666666666666666,0.0,0.0,0.0,flat,C,44.772,3,0.885,633.387654,-0.3145264202533222,1.0,0.6854735797466778,decreasing,1,review,0.25,0,review
dia60al40-dem-artifacts-sizeC-Emax44.772-mu0.885-seed1,needs_physics_calibration,0.5,0.0,0.0,0.0,flat,C,44.772,4,0.885,633.387654,-0.3675564060079206,1.0,0.6324435939920794,decreasing,1,review,0.05,0,review
dia60al40-dem-artifacts-sizeC-Emax44.772-mu0.885-seed1,needs_physics_calibration,0.5,0.0,0.0,0.0,flat,C,44.772,4,0.885,633.387654,-0.34888030472571996,1.0,0.65111969527428,decreasing,1,review,0.1,0,review
dia60al40-dem-artifacts-sizeC-Emax44.772-mu0.885-seed1,needs_physics_calibration,0.5,0.0,0.0,0.0,flat,C,44.772,4,0.885,633.387654,-0.3145264202533222,1.0,0.6854735797466778,decreasing,1,review,0.25,0,review
dia60al40-dem-artifacts-sizeC-Emax44.772-mu0.885-seed1,needs_physics_calibration,0.5,0.0,0.0,0.0,flat,C,44.772,3,0.885,633.387654,-0.23806281931634876,1.0,0.7619371806836512,decreasing,1,review,0.5,0,review
dia60al40-dem-artifacts-sizeC-Emax44.772-mu0.885-seed1,needs_physics_calibration,0.5,0.0,0.0,0.0,flat,C,44.772,4,0.885,633.387654,-0.23806281931634876,1.0,0.7619371806836512,decreasing,1,review,0.5,0,review
dia60al40-dem-artifacts-sizeC-Emax44.772-mu0.885-seed1,needs_physics_calibration,0.5,0.9736904527991721,0.0,0.9736904527991721,increasing,C,44.772,3,0.885,633.387654,-0.18991801573302913,1.0,0.8100819842669709,decreasing,1,review,0.75,0,review
dia60al40-dem-artifacts-sizeC-Emax44.772-mu0.885-seed1,needs_physics_calibration,0.5,0.0,0.0,0.0,flat,C,44.772,4,0.885,633.387654,-0.18991801573302913,1.0,0.8100819842669709,decreasing,1,review,0.75,0,review
dia60al40-dem-artifacts-sizeC-Emax44.772-mu0.885-seed1,needs_physics_calibration,0.5,0.0,0.0,0.0,flat,C,44.772,3,0.885,633.387654,-0.1579862724478821,1.0,0.8420137275521179,decreasing,1,review,1.0,0,review
dia60al40-dem-artifacts-sizeC-Emax44.772-mu0.885-seed1,needs_physics_calibration,0.5,0.0,0.0,0.0,flat,C,44.772,4,0.885,633.387654,-0.1579862724478821,1.0,0.8420137275521179,decreasing,1,review,1.0,0,review
dia60al40-dem-artifacts-sizeC-Emax44.772-mu0.885-seed2,needs_participation_increase,1.0,-0.24997479848299278,0.24997479848299278,0.0,decreasing,C,44.772,2,0.885,621.348083,-0.21418311402394963,0.7923449492079754,0.5781618351840258,decreasing,2,review,0.05,1,review
dia60al40-dem-artifacts-sizeC-Emax44.772-mu0.885-seed2,needs_participation_increase,1.0,-0.24997479848299278,0.24997479848299278,0.0,decreasing,C,44.772,2,0.885,621.348083,-0.19518601627952703,0.7923449492079754,0.5971589329284483,decreasing,2,review,0.1,1,review
dia60al40-dem-artifacts-sizeC-Emax44.772-mu0.885-seed2,needs_participation_increase,1.0,-0.24997479848299278,0.24997479848299278,0.0,decreasing,C,44.772,2,0.885,621.348083,-0.16840249561915455,0.7923449492079754,0.6239424535888208,decreasing,2,review,0.25,1,review
dia60al40-dem-artifacts-sizeC-Emax44.772-mu0.885-seed2,needs_participation_increase,1.0,-0.18771267109840029,0.18771267109840029,0.0,decreasing,C,44.772,2,0.885,621.348083,-0.1666887087607426,0.8645396388563089,0.6978509300955663,decreasing,2,review,0.5,1,review
dia60al40-dem-artifacts-sizeC-Emax44.772-mu0.885-seed2,needs_physics_calibration,1.0,0.0,0.0,0.0,flat,C,44.772,3,0.885,621.348083,-0.21418311402394963,0.7923449492079754,0.5781618351840258,decreasing,2,review,0.05,0,review
dia60al40-dem-artifacts-sizeC-Emax44.772-mu0.885-seed2,needs_physics_calibration,1.0,0.0,0.0,0.0,flat,C,44.772,4,0.885,621.348083,-0.21418311402394963,0.7923449492079754,0.5781618351840258,decreasing,2,review,0.05,0,review
dia60al40-dem-artifacts-sizeC-Emax44.772-mu0.885-seed2,needs_physics_calibration,1.0,0.0,0.0,0.0,flat,C,44.772,3,0.885,621.348083,-0.19518601627952703,0.7923449492079754,0.5971589329284483,decreasing,2,review,0.1,0,review
dia60al40-dem-artifacts-sizeC-Emax44.772-mu0.885-seed2,needs_physics_calibration,1.0,0.0,0.0,0.0,flat,C,44.772,4,0.885,621.348083,-0.19518601627952703,0.7923449492079754,0.5971589329284483,decreasing,2,review,0.1,0,review
dia60al40-dem-artifacts-sizeC-Emax44.772-mu0.885-seed2,needs_physics_calibration,1.0,0.0,0.0,0.0,flat,C,44.772,3,0.885,621.348083,-0.16840249561915455,0.7923449492079754,0.6239424535888208,decreasing,2,review,0.25,0,review
dia60al40-dem-artifacts-sizeC-Emax44.772-mu0.885-seed2,needs_physics_calibration,1.0,0.0,0.0,0.0,flat,C,44.772,4,0.885,621.348083,-0.16840249561915455,0.7923449492079754,0.6239424535888208,decreasing,2,review,0.25,0,review
dia60al40-dem-artifacts-sizeC-Emax44.772-mu0.885-seed2,needs_physics_calibration,1.0,0.0,0.0,0.0,flat,C,44.772,3,0.885,621.348083,-0.1666887087607426,0.8645396388563089,0.6978509300955663,decreasing,2,review,0.5,0,review
dia60al40-dem-artifacts-sizeC-Emax44.772-mu0.885-seed2,needs_physics_calibration,1.0,0.0,0.0,0.0,flat,C,44.772,4,0.885,621.348083,-0.1666887087607426,0.8645396388563089,0.6978509300955663,decreasing,2,review,0.5,0,review
dia60al40-dem-artifacts-sizeC-Emax44.772-mu0.885-seed2,needs_physics_calibration,1.0,0.7807562231457901,0.18771267109840029,0.9684688942441904,increasing,C,44.772,2,0.885,621.348083,-0.10148555851769325,0.8645396388563089,0.7630540803386157,decreasing,2,review,0.75,0,review
dia60al40-dem-artifacts-sizeC-Emax44.772-mu0.885-seed2,needs_physics_calibration,1.0,0.9684688942441904,0.0,0.9684688942441904,increasing,C,44.772,3,0.885,621.348083,-0.10148555851769325,0.8645396388563089,0.7630540803386157,decreasing,2,review,0.75,0,review
dia60al40-dem-artifacts-sizeC-Emax44.772-mu0.885-seed2,needs_physics_calibration,1.0,1.3065761516332712,0.059280707646539234,1.3658568592798104,increasing,C,44.772,2,0.885,621.348083,-0.10579320695648464,0.9186693246797963,0.8128761177233117,decreasing,2,review,1.0,0,review
dia60al40-dem-artifacts-sizeC-Emax44.772-mu0.885-seed2,needs_physics_calibration,1.0,0.0,0.0,0.0,flat,C,44.772,3,0.885,621.348083,-0.10579320695648464,0.9186693246797963,0.8128761177233117,decreasing,2,review,1.0,0,review
dia60al40-dem-artifacts-sizeC-Emax44.772-mu0.885-seed2,needs_physics_calibration,1.0,0.44109974527730456,0.23596370368956618,0.6770634489668708,increasing,C,44.772,2,0.885,621.348083,-0.09719858748441879,0.94725775889837,0.8500591714139513,decreasing,2,review,1.25,0,review
dia60al40-dem-artifacts-sizeC-Emax44.772-mu0.885-seed2,needs_physics_calibration,1.0,0.5829984825974098,0.0,0.5829984825974098,increasing,C,44.772,2,0.885,621.348083,-0.10890598489867898,1.0,0.891094015101321,decreasing,2,review,1.5,0,review
dia60al40-dem-artifacts-sizeC-Emax44.772-mu0.885-seed2,needs_physics_calibration,1.0,0.5460472318525504,0.0,0.5460472318525504,increasing,C,44.772,2,0.885,621.348083,-0.0833970946003969,1.0,0.9166029053996031,decreasing,2,review,2.0,0,review
dia60al40-dem-artifacts-sizeC-Emax44.772-mu0.885-seed2,needs_physics_calibration,0.8333333333333334,0.0,0.0,0.0,flat,C,44.772,4,0.885,621.348083,-0.10148555851769325,0.8645396388563089,0.7630540803386157,decreasing,2,review,0.75,0,review
dia60al40-dem-artifacts-sizeC-Emax44.772-mu0.885-seed2,needs_physics_calibration,0.8333333333333334,0.017332850455550105,0.0,0.017332850455550105,increasing,C,44.772,3,0.885,621.348083,-0.09719858748441879,0.94725775889837,0.8500591714139513,decreasing,2,review,1.25,0,review
dia60al40-dem-artifacts-sizeC-Emax44.772-mu0.885-seed2,needs_physics_calibration,0.8333333333333334,0.5829984825974098,0.0,0.5829984825974098,increasing,C,44.772,3,0.885,621.348083,-0.10890598489867898,1.0,0.891094015101321,decreasing,2,review,1.5,0,review
dia60al40-dem-artifacts-sizeC-Emax44.772-mu0.885-seed2,needs_physics_calibration,0.6666666666666666,0.0,0.0,0.0,flat,C,44.772,4,0.885,621.348083,-0.10579320695648464,0.9186693246797963,0.8128761177233117,decreasing,2,review,1.0,0,review
dia60al40-dem-artifacts-sizeC-Emax44.772-mu0.885-seed2,needs_physics_calibration,0.6666666666666666,0.017332850455550105,0.0,0.017332850455550105,increasing,C,44.772,4,0.885,621.348083,-0.09719858748441879,0.94725775889837,0.8500591714139513,decreasing,2,review,1.25,0,review
dia60al40-dem-artifacts-sizeC-Emax44.772-mu0.885-seed2,needs_physics_calibration,0.6666666666666666,0.15272518022778167,0.0,0.15272518022778167,increasing,C,44.772,4,0.885,621.348083,-0.10890598489867898,1.0,0.891094015101321,decreasing,2,review,1.5,0,review
dia60al40-dem-artifacts-sizeC-Emax44.772-mu0.885-seed2,needs_physics_calibration,0.6666666666666666,0.5460472318525504,0.0,0.5460472318525504,increasing,C,44.772,3,0.885,621.348083,-0.0833970946003969,1.0,0.9166029053996031,decreasing,2,review,2.0,0,review
dia60al40-dem-artifacts-sizeC-Emax44.772-mu0.885-seed2,needs_physics_calibration,0.5,0.16338225146389465,0.0,0.16338225146389465,increasing,C,44.772,4,0.885,621.348083,-0.0833970946003969,1.0,0.9166029053996031,decreasing,2,review,2.0,0,review
