stage_id,target_rho_total,actual_rho_total,current_height_um,particle_id,type,shape,material,x_um,y_um,z_um,r_um,rotation_rad,vx_cm_s,vy_cm_s,vz_cm_s,contact_count
pilot_final,0.485828742,0.485828742,105,44,1,Al,Al,71.691,14.0878,-7.17224,13,0.0,-26.6578,-0.764477,-8.38486,1
pilot_final,0.485828742,0.485828742,105,74,1,Al,Al,120.578,12.0343,-32.7135,13,0.0,-0.000174643,0.000279766,0.000163115,1
pilot_final,0.485828742,0.485828742,105,18,1,Al,Al,155.017,12.4959,-13.5298,13,0.0,-6.22809e-06,0.000228834,0.000291211,3
pilot_final,0.485828742,0.485828742,105,71,1,Al,Al,191.737,13.0516,-29.2584,13,0.0,8.17811,1.35864,-0.786635,0
pilot_final,0.485828742,0.485828742,105,16,2,DS,Diamond,212.532,17.9416,-1.53902,18,0.0,5.83876e-05,2.2579e-05,0.00022517,5
pilot_final,0.485828742,0.485828742,105,54,1,Al,Al,217.337,21.4041,-31.9844,13,0.0,2.84829,-1.27442,0.167691,0
pilot_final,0.485828742,0.485828742,105,11,2,DS,Diamond,244.813,17.8693,-17.3034,18,0.0,3.15454e-05,-1.92159e-06,-0.000101806,4
pilot_final,0.485828742,0.485828742,105,20,1,Al,Al,274.28,12.9887,-25.5615,13,0.0,9.53316e-05,-8.12033e-05,1.50384e-05,2
pilot_final,0.485828742,0.485828742,105,45,1,Al,Al,307.868,11.6039,-7.55665,13,0.0,7.35037e-06,-1.37839e-05,-2.35024e-06,3
pilot_final,0.485828742,0.485828742,105,81,1,Al,Al,309.971,12.7734,-32.5551,13,0.0,1.60085e-05,-5.90764e-06,-2.98971e-07,2
pilot_final,0.485828742,0.485828742,105,96,1,Al,Al,349.494,13.0384,-23.7642,13,0.0,-9.67673,3.22932,-64.7752,0
pilot_final,0.485828742,0.485828742,105,38,1,Al,Al,380.527,12.9999,-25.2615,13,0.0,-3.59564,-0.0337262,-7.3337,1
pilot_final,0.485828742,0.485828742,105,8,2,DL,Diamond,29.8261,29.7556,-15.0769,30,0.0,6.32783e-05,-2.24096e-05,-2.52867e-05,1
pilot_final,0.485828742,0.485828742,105,72,1,Al,Al,78.2351,23.4015,-31.7111,13,0.0,30.9592,37.5926,2.11447,0
pilot_final,0.485828742,0.485828742,105,5,2,DL,Diamond,117.427,43.6612,-5.59235,30,0.0,0.000134025,0.000173275,0.00117693,8
pilot_final,0.485828742,0.485828742,105,93,1,Al,Al,146.729,27.7611,-32.2699,13,0.0,-0.000233063,0.000429793,0.000196472,3
pilot_final,0.485828742,0.485828742,105,4,2,DL,Diamond,176.9,48.7684,-10.3208,30,0.0,0.000134877,0.000310192,0.000356329,11
pilot_final,0.485828742,0.485828742,105,56,1,Al,Al,222.733,47.1433,-3.51019,13,0.0,-2.6988,0.551994,-5.78853,2
pilot_final,0.485828742,0.485828742,105,92,1,Al,Al,212.699,47.648,-32.4523,13,0.0,0.00022623,-5.11879e-05,0.000243146,3
pilot_final,0.485828742,0.485828742,105,89,1,Al,Al,236.422,41.4227,-33.1487,13,0.0,0.000101151,-3.0569e-05,-7.32273e-05,3
pilot_final,0.485828742,0.485828742,105,62,1,Al,Al,289.715,32.862,-32.0068,13,0.0,4.73439e-05,-6.09291e-05,-1.81168e-05,3
pilot_final,0.485828742,0.485828742,105,2,2,DL,Diamond,326.174,48.1892,-15.1574,30,0.0,6.25891e-06,-8.2726e-06,-2.75898e-06,7
pilot_final,0.485828742,0.485828742,105,78,1,Al,Al,386.75,37.3583,-31.8889,13,0.0,-2.54373,1.56292,0.755735,1
pilot_final,0.485828742,0.485828742,105,60,1,Al,Al,385.147,39.2501,-4.77352,13,0.0,-12.5091,33.1753,12.8233,0
pilot_final,0.485828742,0.485828742,105,91,1,Al,Al,13.1093,66.6581,-31.9997,13,0.0,-0.115543,1.45148,0.0860082,0
pilot_final,0.485828742,0.485828742,105,61,1,Al,Al,23.476,72.1134,-7.91242,13,0.0,-12.1365,-8.61694,3.30873,1
pilot_final,0.485828742,0.485828742,105,3,2,DL,Diamond,66.6601,75.1911,-3.14686,30,0.0,-0.000120969,-2.00015e-05,0.000668183,4
pilot_final,0.485828742,0.485828742,105,25,1,Al,Al,143.665,64.9556,-32.0612,13,0.0,-4.24817e-05,0.000217436,0.00010689,3
pilot_final,0.485828742,0.485828742,105,58,1,Al,Al,204.767,71.8704,-32.4174,13,0.0,0.000254743,-5.27458e-05,0.000191418,4
pilot_final,0.485828742,0.485828742,105,86,1,Al,Al,211.763,72.5257,-7.6142,13,0.0,0.000244781,0.000156418,0.00011047,6
pilot_final,0.485828742,0.485828742,105,6,2,DL,Diamond,253.244,75.146,-15.0644,30,0.0,1.71377e-05,6.20768e-07,1.94166e-06,7
pilot_final,0.485828742,0.485828742,105,63,1,Al,Al,288.635,58.8229,-32.1669,13,0.0,9.81128e-06,-5.43368e-06,2.18201e-06,3
pilot_final,0.485828742,0.485828742,105,40,1,Al,Al,362.863,63.2055,-31.9322,13,0.0,-2.12337,6.93036,0.666308,0
pilot_final,0.485828742,0.485828742,105,37,1,Al,Al,386.982,61.4304,-22.0558,13,0.0,-0.208758,2.58704,-1.63069,0
pilot_final,0.485828742,0.485828742,105,83,1,Al,Al,20.3845,91.7981,-24.5913,13,0.0,28.505,18.7398,12.6391,1
pilot_final,0.485828742,0.485828742,105,88,1,Al,Al,92.7783,92.1923,-32.2318,13,0.0,0.000566174,1.50025e-05,0.000608584,2
pilot_final,0.485828742,0.485828742,105,10,2,DS,Diamond,122.535,86.9152,-27.0347,18,0.0,0.000559913,0.000413403,-2.58243e-05,4
pilot_final,0.485828742,0.485828742,105,28,1,Al,Al,106.263,91.9167,-0.481455,13,0.0,0.526796,0.612433,1.82268,0
pilot_final,0.485828742,0.485828742,105,34,1,Al,Al,142.586,92.2572,-4.59743,13,0.0,0.000403169,0.000208229,-6.0203e-05,4
pilot_final,0.485828742,0.485828742,105,94,1,Al,Al,152.919,90.448,-32.0109,13,0.0,0.000536675,0.000966028,-0.00027577,2
pilot_final,0.485828742,0.485828742,105,47,1,Al,Al,167.783,90.7901,-10.7091,13,0.0,0.000584423,0.000640412,9.71618e-05,5
pilot_final,0.485828742,0.485828742,105,67,1,Al,Al,182.243,92.0343,-32.1212,13,0.0,0.000551648,0.000156598,-2.48026e-05,2
pilot_final,0.485828742,0.485828742,105,80,1,Al,Al,195.045,92.0632,-9.69646,13,0.0,0.00033868,0.000155936,-0.000224219,3
pilot_final,0.485828742,0.485828742,105,84,1,Al,Al,218.485,92.6532,-32.1299,13,0.0,4.82563e-05,-8.44792e-06,1.54531e-06,2
pilot_final,0.485828742,0.485828742,105,12,2,DS,Diamond,299.015,86.9449,-24.1253,18,0.0,0.593203,3.34588,-5.349,0
pilot_final,0.485828742,0.485828742,105,19,1,Al,Al,379.168,91.9456,-31.7375,13,0.0,111.73,-1.17071,1.01211,0
pilot_final,0.485828742,0.485828742,105,77,1,Al,Al,13.0996,18.0321,24.1482,13,0.0,0.785484,8.32255,10.7923,0
pilot_final,0.485828742,0.485828742,105,39,1,Al,Al,38.011,15.7268,31.7606,13,0.0,-4.1728,12.1973,4.10815,0
pilot_final,0.485828742,0.485828742,105,17,1,Al,Al,57.3933,13.2558,14.5247,13,0.0,1.22671,-1.43622,11.4938,1
pilot_final,0.485828742,0.485828742,105,66,1,Al,Al,92.3355,13.0464,16.2911,13,0.0,-44.2095,0.927571,-24.7664,0
pilot_final,0.485828742,0.485828742,105,59,1,Al,Al,141.749,12.2592,8.15351,13,0.0,0.000315044,1.67045e-05,0.00012275,4
pilot_final,0.485828742,0.485828742,105,32,1,Al,Al,166.931,12.7569,10.583,13,0.0,6.74818e-05,5.01091e-05,0.000262813,4
pilot_final,0.485828742,0.485828742,105,21,1,Al,Al,148.827,12.6998,32.3659,13,0.0,3.12974e-05,-8.53872e-05,0.000159861,3
pilot_final,0.485828742,0.485828742,105,95,1,Al,Al,190.781,12.7999,19.4584,13,0.0,0.000112423,-7.93518e-05,0.000169841,3
pilot_final,0.485828742,0.485828742,105,52,1,Al,Al,242.898,12.5972,32.2112,13,0.0,8.75454e-05,2.39079e-05,8.62499e-05,2
pilot_final,0.485828742,0.485828742,105,51,1,Al,Al,315.902,15.5527,30.7749,13,0.0,-4.97011,-20.6368,-2.62068,0
pilot_final,0.485828742,0.485828742,105,73,1,Al,Al,342.863,13.0033,32.0012,13,0.0,-3.96335,-0.78929,-0.0774895,1
pilot_final,0.485828742,0.485828742,105,79,1,Al,Al,330.298,13.0163,9.23946,13,0.0,-0.721675,0.248738,-1.23014,1
pilot_final,0.485828742,0.485828742,105,43,1,Al,Al,383.285,13.0282,31.0492,13,0.0,-8.03877,-2.21416,3.21794,0
pilot_final,0.485828742,0.485828742,105,82,1,Al,Al,13.0219,44.3984,30.7318,13,0.0,1.53771,9.2777,-0.747953,0
pilot_final,0.485828742,0.485828742,105,35,1,Al,Al,37.8055,49.2569,24.364,13,0.0,-5.99007,35.3962,-24.6662,0
pilot_final,0.485828742,0.485828742,105,31,1,Al,Al,85.088,44.8074,29.9239,13,0.0,-45.7143,12.6398,-14.423,0
pilot_final,0.485828742,0.485828742,105,48,1,Al,Al,128.836,28.5113,32.411,13,0.0,0.00066464,-0.000189487,0.000282051,3
pilot_final,0.485828742,0.485828742,105,75,1,Al,Al,150.116,39.3568,22.1385,13,0.0,0.00845085,0.13721,0.160819,1
pilot_final,0.485828742,0.485828742,105,70,1,Al,Al,170.197,26.2701,32.2139,13,0.0,0.000173432,-9.43512e-05,7.58451e-05,4
pilot_final,0.485828742,0.485828742,105,41,1,Al,Al,194.158,34.5031,32.2537,13,0.0,9.67159e-05,-0.000116153,5.46377e-05,5
pilot_final,0.485828742,0.485828742,105,46,1,Al,Al,174.707,51.5721,32.2356,13,0.0,-0.000236166,0.00010979,0.000112106,5
pilot_final,0.485828742,0.485828742,105,13,2,DS,Diamond,224.349,36.303,27.032,18,0.0,0.000241998,-7.34736e-05,8.94468e-05,5
pilot_final,0.485828742,0.485828742,105,1,2,DL,Diamond,277.909,29.8463,15.1803,30,0.0,-2.71813e-07,-1.14458e-06,8.42786e-07,6
pilot_final,0.485828742,0.485828742,105,87,1,Al,Al,331.357,36.4217,28.4226,13,0.0,25.5108,-32.4075,4.2901,0
pilot_final,0.485828742,0.485828742,105,57,1,Al,Al,362.97,29.3529,29.452,13,0.0,9.41474,-20.1582,-7.32154,0
pilot_final,0.485828742,0.485828742,105,55,1,Al,Al,387.001,39.0126,31.74,13,0.0,-0.615698,0.225118,-2.84099,0
pilot_final,0.485828742,0.485828742,105,76,1,Al,Al,14.4438,70.9819,31.9407,13,0.0,4.20401,19.7402,-0.270075,0
pilot_final,0.485828742,0.485828742,105,68,1,Al,Al,40.0689,77.5772,31.8977,13,0.0,-13.0865,-44.0257,-1.39573,0
pilot_final,0.485828742,0.485828742,105,29,1,Al,Al,101.129,65.9592,31.6605,13,0.0,-9.25317,-4.32137,9.71786,0
pilot_final,0.485828742,0.485828742,105,15,2,DS,Diamond,129.343,81.6834,21.0919,18,0.0,0.000464489,0.000492038,0.000482767,6
pilot_final,0.485828742,0.485828742,105,85,1,Al,Al,153.546,66.1791,32.1624,13,0.0,9.02397e-05,0.000379175,0.000268345,3
pilot_final,0.485828742,0.485828742,105,23,1,Al,Al,158.429,80.2721,11.0192,13,0.0,0.000177016,0.000486222,2.09785e-05,7
pilot_final,0.485828742,0.485828742,105,24,1,Al,Al,177.359,77.2017,32.143,13,0.0,-0.000403219,1.01445e-05,-8.11135e-06,2
pilot_final,0.485828742,0.485828742,105,27,1,Al,Al,199.918,76.0791,14.4555,13,0.0,-0.000227948,7.72611e-05,-0.000202922,4
pilot_final,0.485828742,0.485828742,105,36,1,Al,Al,203.177,58.1731,32.1543,13,0.0,-6.52886e-05,-0.000221536,-0.000234414,4
pilot_final,0.485828742,0.485828742,105,14,2,DS,Diamond,230.284,71.7625,26.934,18,0.0,-0.000328618,2.13837e-05,-0.000165685,7
pilot_final,0.485828742,0.485828742,105,64,1,Al,Al,259.808,64.6888,32.1501,13,0.0,-9.92453e-05,9.89253e-05,7.84326e-05,3
pilot_final,0.485828742,0.485828742,105,50,1,Al,Al,276.609,84.0061,32.0245,13,0.0,-0.000147975,-4.7535e-05,-7.07395e-05,3
pilot_final,0.485828742,0.485828742,105,42,1,Al,Al,307.553,58.4102,30.677,13,0.0,9.75923,-19.3584,44.818,0
pilot_final,0.485828742,0.485828742,105,7,2,DL,Diamond,370.159,75.0875,15.122,30,0.0,-2.41625e-07,-8.81245e-08,-7.76668e-07,2
pilot_final,0.485828742,0.485828742,105,26,1,Al,Al,19.4792,91.6031,16.1675,13,0.0,13.8197,-3.06781,-31.6555,0
pilot_final,0.485828742,0.485828742,105,90,1,Al,Al,77.897,92.6189,33.0435,13,0.0,-0.00067217,0.00014408,0.000285296,2
pilot_final,0.485828742,0.485828742,105,69,1,Al,Al,103.086,92.2712,32.3252,13,0.0,0.000137949,3.5927e-05,-1.03108e-05,2
pilot_final,0.485828742,0.485828742,105,30,1,Al,Al,155.67,92.4442,32.5432,13,0.0,0.000175917,0.000337963,-3.77251e-05,2
pilot_final,0.485828742,0.485828742,105,33,1,Al,Al,180.673,92.3922,11.7293,13,0.0,-0.000146461,-5.70395e-06,-0.000169456,5
pilot_final,0.485828742,0.485828742,105,49,1,Al,Al,208.084,92.3453,32.2372,13,0.0,-0.000473562,-2.40558e-05,-2.10232e-05,2
pilot_final,0.485828742,0.485828742,105,22,1,Al,Al,219.511,92.2794,6.73003,13,0.0,4.14614e-05,6.33658e-05,-0.000353543,2
pilot_final,0.485828742,0.485828742,105,53,1,Al,Al,252.438,92.297,32.0604,13,0.0,-0.000321794,5.41926e-05,-5.49577e-05,2
pilot_final,0.485828742,0.485828742,105,9,2,DS,Diamond,323.759,87.0359,12.8406,18,0.0,-2.17494e-06,-4.44436e-06,3.29418e-06,3
pilot_final,0.485828742,0.485828742,105,65,1,Al,Al,300.711,92.1432,32.2706,13,0.0,-4.45586e-05,2.54448e-05,-1.81912e-05,2
