"RelativePath","Bytes","SHA256"
"run_29246371198_failure\failure_tail.log","1820","414d0bd2cd4d77f8597f0785bf44e684bfd873e960cce09d2e0a80c4c7b75fe0"
"run_29246371198_failure\in.dia60al40_dem_3d_pilot.rendered.liggghts","7340","53ce599db4841fe876aac03f058e05b927b2eab4a9e98501074115e79d8bc322"
"run_29246371198_failure\liggghts_run.log","1820","414d0bd2cd4d77f8597f0785bf44e684bfd873e960cce09d2e0a80c4c7b75fe0"
"run_29246371198_failure\render_summary.json","1057","3768a92ccff5572d4d44ff8aed90099284120285a98b0a699dff313452095ec5"
"run_29246371198_failure\solver_provenance.csv","228","6c6292b464f61e5440bfbd971e257a20967b437be2ae1d41268f2f1fefab6dcf"
"run_29246371198_failure\workflow_runtime_gate.csv","72","ef7b580f45785e031f80657313f2d56259c48b4a955b2f0b3ab9a36f0c0308d2"
"run_29246532552\analysis\contact_physics.csv","17829","20a17cae4d89f15f7095aa1b783bc60b3d46a7d7f5165d49f2e19936b44cf49f"
"run_29246532552\analysis\evidence_manifest.json","1390","247490b3a46b68b1a2406a00c32be5e38c6ee91af71f7ee9d80effe7136e414d"
"run_29246532552\analysis\gate_table.csv","879","9edbf6a1f980df7aab4fc60479a8e8d3b28aed6a8c608dcf61472c2a30c45581"
"run_29246532552\analysis\network_3d.png","381092","8bc4cf7935dc5270dcfcb6df8d61c849404e1fdb2200d2f1471c467ae1702211"
"run_29246532552\analysis\path_edges.csv","511","2af86b0f22142cac33d0ccf224a6d1189c21196a5a5c3009f94ea62294e26d16"
"run_29246532552\analysis\path_nodes.csv","208","df00a8eea911fde165993a780ae2ff0f9623879cac7a8dea1acd69e6071ce8c2"
"run_29246532552\analysis\percolation_summary.json","2683","2f14ee538af1de60991760a7c41759ac6d5e8972b3943e1520d177e84523fb93"
"run_29246532552\analysis\threshold_results.csv","426","1881cc39e78f4b2fbe42673d73addc754d948f39f66873009a5d7792841159bb"
"run_29246532552\dem_3d_pilot_parameters.json","2702","55265c0495c1acd8f5caa69d14681ba85433f729ff69465023b054b9500daebc"
"run_29246532552\electrothermal_parameter_set.json","1006","bad8c513dcf63f1b8df7fe365d88c88f551156b8bc68794a6ee8b6ec044f27f7"
"run_29246532552\in.dia60al40_dem_3d_pilot.rendered.liggghts","7337","b187687f1f9c4bdbb17d6bf2db99c87c7a2421287e63e0c20875ed6a0a913e8a"
"run_29246532552\liggghts_run.log","13788","eda37734de4a07199e2e3dba1a929bd33ed36dbd179f1df84844ea01e2a65fe9"
"run_29246532552\model_parameters.csv","637","b472df1b9c06fe449f79866bb8764bbe854827753cbdf6c4c9f572a30b1ea0a1"
"run_29246532552\pilot_final_1400003.dump","7650","96ee56e83c1ee414c39b49f04bb7bda0de6af2a0b6dde58c9f9240230013b541"
"run_29246532552\pilot_final_contacts_1400003.local","12499","52af5c76752fa585302ccfc4a9c10ad5da4426cc5fe3bd26ee8fb1e3246028e0"
"run_29246532552\pilot_final_direct_contacts.csv","19666","c14f72b320f5a26749b9f82591bd9baab4cd9a641c5c72252d373a0e0d2bbfbb"
"run_29246532552\pilot_final_particles.csv","11553","a65ce68b8f407b15a28fa4b307ddf76f655b4811fb4ad3d7696cb580eb5deaf2"
"run_29246532552\pilot_final_state.csv","98","304a81aec9d70be94a8538ee5981aa412ea17ad251435f4fabdf8876639b4e8f"
"run_29246532552\render_summary.json","1057","d9871aeafd405441407013c80ec755b054d01d37abd30dacb486badc21768e5b"
"run_29246532552\solver_provenance.csv","228","6c6292b464f61e5440bfbd971e257a20967b437be2ae1d41268f2f1fefab6dcf"
"run_29246532552\workflow_runtime_gate.csv","72","01542e6b717a1d85ce7a086ce04e451b795431c7ec792082f3cabf45cdbb4c19"
