stage_id,i,j,x_um,y_um,normal_force_n,material_i,material_j,contact_type,reduced_radius_um,reduced_modulus_gpa,contact_radius_um,contact_radius_fraction,hertz_warning,electrical_resistance_ohm,electrical_conductance_s,thermal_constriction_resistance_k_w,thermal_interface_resistance_k_w,thermal_resistance_k_w,thermal_conductance_w_k,al_al_resistance_multiplier
stage5_rho095,60,55,10.1731,20.7256,0.28138311800000004,Al,Al,Al-Al,6.500000000000001,6.733251038042868,5.8841348483675855,0.4526257575667374,True,0.002251817869822596,444.08564893340264,358.5411782218925,0.0,358.5411782218925,0.0027890799181262355,1.0
stage5_rho095,60,65,19.9196,9.90215,0.32148762500000005,Al,Al,Al-Al,6.500000000000001,6.733251038042868,6.151363025653237,0.47318177120409516,True,0.002153994154587053,464.25381325684805,342.9653936130965,0.0,342.9653936130965,0.0029157460741596345,1.0
stage5_rho095,55,9,22.1106,33.7999,0.266659021,Al,Diamond,Al-Diamond,8.432432432432432,12.893521005694637,5.076132625628784,0.3904717404329834,True,4.925009223316586e+17,2.0304530502515135e-18,244.28784614481708,154.41668302882772,398.7045291736448,0.002508123000439951,1.0
stage5_rho095,55,36,11.0495,41.7687,0.22206244600000002,Al,Al,Al-Al,6.500000000000001,6.733251038042868,5.437613195827551,0.4182779381405809,True,0.002436730882249428,410.38590157189066,387.98358128324617,0.0,387.98358128324617,0.0025774286548222594,1.0
stage5_rho095,68,65,40.8738,8.39424,0.19361186800000002,Al,Al,Al-Al,6.500000000000001,6.733251038042868,5.194701489713773,0.3995924222856749,True,0.002550675919730293,392.05294261990736,406.12625105171446,0.0,406.12625105171446,0.0024622885061243286,1.0
stage5_rho095,68,9,48.8653,18.4408,0.470408105,Al,Diamond,Al-Diamond,8.432432432432432,12.893521005694637,6.133463696158075,0.4718048997044674,True,4.076000321915933e+17,2.45338547846323e-18,202.17573092297496,105.76659965941016,307.9423305823851,0.003247361277381986,1.0
stage5_rho095,68,44,60.2331,11.3541,0.44813041600000003,Al,Al,Al-Al,6.500000000000001,6.733251038042868,6.871497798862757,0.5285767537586736,True,0.0019282550017250815,518.6036074613402,307.0225303280123,0.0,307.0225303280123,0.0032570899566609474,1.0
stage5_rho095,65,9,34.7547,19.7586,0.4897265860000001,Al,Diamond,Al-Diamond,8.432432432432432,12.893521005694637,6.216301842935228,0.4781770648411714,True,4.021683732814918e+17,2.4865207371740913e-18,199.48154661594856,102.96650030873171,302.4480469246803,0.0033063529758849248,1.0
stage5_rho095,9,44,59.8695,23.5985,0.20165775300000002,Diamond,Al,Al-Diamond,8.432432432432432,12.893521005694637,4.624724235855909,0.35574801814276225,True,5.4057277201898266e+17,1.8498896943423634e-18,268.13220478016103,186.03234350855652,454.1645482887176,0.0022018451324921306,1.0
stage5_rho095,9,12,67.308,38.9499,0.21857843600000001,Diamond,Diamond,Diamond-Diamond,12.0,151.51515151515153,2.350343037196578,0.09793095988319075,False,2.1273490383615903e+18,4.700686074393156e-19,157.5814102490067,0.0,157.5814102490067,0.0063459262004307605,1.0
stage5_rho095,9,36,22.8183,47.6962,0.17136389700000002,Diamond,Al,Al-Diamond,8.432432432432432,12.893521005694637,4.380469327553846,0.3369591790426036,True,5.70715102209392e+17,1.7521877310215385e-18,283.0832527602141,207.3570725457944,490.4403253060085,0.0020389840484182323,1.0
stage5_rho095,9,50,58.9449,55.2463,0.17750373100000003,Diamond,Al,Al-Diamond,8.432432432432432,12.893521005694637,4.43217291816775,0.3409363783205962,True,5.640574152132796e+17,1.7728691672671e-18,279.780940129231,202.5474354821491,482.3283756113801,0.002073276320789628,1.0
stage5_rho095,9,15,41.5026,62.1695,0.932517091,Diamond,Diamond,Diamond-Diamond,12.0,151.51515151515153,3.8119548528590017,0.1588314522024584,False,1.3116629637546609e+18,7.623909705718003e-19,97.16021953738228,0.0,97.16021953738228,0.010292278102719305,1.0
stage5_rho095,44,63,79.1395,11.3611,0.162384005,Al,Al,Al-Al,6.500000000000001,6.733251038042868,4.898889993188525,0.37683769178373266,True,0.0027046943324759197,369.72754665573774,430.6495235213629,0.0,430.6495235213629,0.002322073856771361,1.0
stage5_rho095,44,12,76.5725,23.659,0.462460704,Al,Diamond,Al-Diamond,8.432432432432432,12.893521005694637,6.098726332240057,0.4691327947876967,True,4.0992165639309024e+17,2.4394905328960225e-18,203.3272913567227,106.97489006924299,310.30218142596567,0.003222665066048167,1.0
stage5_rho095,63,12,90.0955,18.5104,0.6125831230000001,Al,Diamond,Al-Diamond,8.432432432432432,12.893521005694637,6.6978570801597614,0.5152197753969048,True,3.7325370937003757e+17,2.6791428320639044e-18,185.13943952812923,88.6928045233987,273.83224405152794,0.003651870887096213,1.0
stage5_rho095,63,29,100.191,9.12565,0.21590761100000003,Al,Al,Al-Al,6.500000000000001,6.733251038042868,5.386904236321341,0.41437724894779543,True,0.0024596687482694667,406.5588102884031,391.6358169364647,0.0,391.6358169364647,0.0025533926080163155,1.0
stage5_rho095,12,29,103.882,20.759,0.208800851,Diamond,Al,Al-Diamond,8.432432432432432,12.893521005694637,4.678697373865966,0.35989979798968974,True,5.3433676090365984e+17,1.8714789495463865e-18,265.03904971217634,181.76498708498417,446.8040367971605,0.002238117648104372,1.0
stage5_rho095,12,41,112.443,32.4917,0.20342506500000002,Diamond,Al,Al-Diamond,8.432432432432432,12.893521005694637,4.638195193944243,0.35678424568801875,True,5.390027576381584e+17,1.8552780775776973e-18,267.35345409337623,184.95330539404415,452.3067594874204,0.0022108889133853685,1.0
stage5_rho095,12,50,75.6479,55.3068,0.189154675,Diamond,Al,Al-Diamond,8.432432432432432,12.893521005694637,4.527097974969334,0.34823830576687187,True,5.5223015137350426e+17,1.8108391899877338e-18,273.91443982802036,194.14238172319247,468.0568215512128,0.002136492737539526,1.0
stage5_rho095,12,67,112.771,47.3965,0.0622252899,Diamond,Al,Al-Diamond,8.432432432432432,12.893521005694637,3.125142631079747,0.2403955870061344,False,7.999634881100585e+17,1.2500570524318987e-18,396.793891430118,407.3994644582402,804.1933558883582,0.0012434820465475527,1.0
stage5_rho095,12,10,99.6676,60.706,1.1335956600000001,Diamond,Diamond,Diamond-Diamond,12.0,151.51515151515153,4.068317821776475,0.16951324257401978,False,1.2290091922603766e+18,8.136635643552949e-19,91.03771794521307,0.0,91.03771794521307,0.010984458118796482,1.0
stage5_rho095,29,41,117.417,19.9029,0.156936086,Al,Al,Al-Al,6.500000000000001,6.733251038042868,4.843480364694887,0.3725754126688375,True,0.002735636154650681,365.5456879015009,435.57617301977245,0.0,435.57617301977245,0.002295809692865377,1.0
stage5_rho095,29,46,121.828,9.84406,0.17546984200000001,Al,Al,Al-Al,6.500000000000001,6.733251038042868,5.027098939724663,0.3866999184403587,True,0.002635714983705037,379.40369356412555,419.6664252376462,0.0,419.6664252376462,0.0023828448974294904,1.0
stage5_rho095,41,46,128.426,18.888,0.185407654,Al,Al,Al-Al,6.500000000000001,6.733251038042868,5.1202656149015615,0.3938665857616586,True,0.002587756377606347,386.4351407472877,412.0303124920543,0.0,412.0303124920543,0.00242700590146334,1.0
stage5_rho095,41,6,136.117,30.9003,0.274371125,Al,Diamond,Al-Diamond,9.75,12.893521005694637,5.378703241277874,0.4137464031752211,True,4.6479604615740966e+17,2.15148129651115e-18,230.54581192430348,137.5323845863368,368.0781965106403,0.002716814007132021,1.0
stage5_rho095,41,67,124.269,40.436,0.11989604000000001,Al,Al,Al-Al,6.500000000000001,6.733251038042868,4.427768274483059,0.34059755957561993,True,0.002992478191859969,334.1711905270233,476.4713306042463,0.0,476.4713306042463,0.00209876216210497,1.0
stage5_rho095,46,6,142.733,15.812,0.359447412,Al,Diamond,Al-Diamond,9.75,12.893521005694637,5.885407919882531,0.45272368614481007,True,4.247793923602663e+17,2.354163167953012e-18,210.69695129730974,114.87010065915267,325.5670519564624,0.003071563888270022,1.0
stage5_rho095,6,62,204.63,17.5427,0.15091094200000002,Diamond,Al,Al-Diamond,9.75,12.893521005694637,4.406952393113743,0.3389963379318264,True,5.672854564770143e+17,1.762780957245497e-18,281.3820970242293,204.87238456112996,486.25448158535926,0.002056536315592714,1.0
stage5_rho095,6,35,209.402,33.877,0.21786133300000002,Diamond,Al,Al-Diamond,9.75,12.893521005694637,4.980712813698237,0.38313175489986445,True,5.019361873514086e+17,1.992285125479295e-18,248.9678791457057,160.38994481667442,409.3578239623801,0.0024428505856331204,1.0
stage5_rho095,6,67,136.497,48.134,0.124963769,Diamond,Al,Al-Diamond,9.75,12.893521005694637,4.1383398600304675,0.3183338353869591,True,6.0410698119453e+17,1.6553359440121872e-18,299.6461256933019,232.33135862535042,531.9774843186523,0.0018797788054522326,1.0
stage5_rho095,6,71,191.963,67.2207,0.389427713,Diamond,Al,Al-Diamond,9.75,12.893521005694637,6.044685832687454,0.4649758332836504,True,4.135864243731101e+17,2.417874333074982e-18,205.14507125492284,108.8961869262566,314.04125818117944,0.003184294973824972,1.0
stage5_rho095,6,70,205.671,51.5204,0.3508922970000001,Diamond,Al,Al-Diamond,9.75,12.893521005694637,5.838340147179445,0.44910308824457273,True,4.2820389648036736e+17,2.3353360588717784e-18,212.39555671646914,116.72969552653583,329.125252243005,0.003038356957373979,1.0
stage5_rho095,6,1,167.495,74.2331,3.3373777600000003,Diamond,Diamond,Diamond-Diamond,19.5,151.51515151515153,6.855119963425948,0.1757723067545115,False,7.29381838199251e+17,1.3710239926851897e-18,54.02828431105563,0.0,54.02828431105563,0.018508823901250058,1.0
stage5_rho095,62,33,227.032,10.9677,0.09962905350000002,Al,Al,Al-Al,6.500000000000001,6.733251038042868,4.162733479507394,0.32021026765441496,True,0.0031830046447191636,314.1685644911241,506.80752244553196,0.0,506.80752244553196,0.0019731356692865047,1.0
stage5_rho095,62,35,218.547,22.0263,0.137886627,Al,Al,Al-Al,6.500000000000001,6.733251038042868,4.638995883007826,0.3568458371544482,True,0.002856221547540797,350.11289683077933,454.7761400431171,0.0,454.7761400431171,0.00219888404854571,1.0
stage5_rho095,33,42,251.203,8.6537,0.011311932600000001,Al,Al,Al-Al,6.500000000000001,6.733251038042868,2.0157138229682445,0.15505490945909575,False,0.006573353741499216,152.12934512967885,1046.6290488813336,0.0,1046.6290488813336,0.000955448352086948,1.0
stage5_rho095,33,2,245.768,20.935,0.22065452900000002,Al,Diamond,Al-Diamond,9.75,12.893521005694637,5.001908362261305,0.38476218171240806,True,4.998092365830107e+17,2.0007633449045217e-18,247.912879655333,159.03352249582278,406.9464021511558,0.0024573260623853873,1.0
stage5_rho095,35,70,219.241,44.6781,0.0625869913,Al,Al,Al-Al,6.500000000000001,6.733251038042868,3.565151276927627,0.27424240591750976,True,0.0037165323350370066,269.0680209001983,591.7573975060914,0.0,591.7573975060914,0.0016898817052636952,1.0
stage5_rho095,35,2,233.041,37.5229,0.298788302,Al,Diamond,Al-Diamond,9.75,12.893521005694637,5.533747163669936,0.42567285874384125,True,4.517734414056641e+17,2.2134988654679747e-18,224.0864045978399,129.93361321131155,354.02001780915145,0.0028246990274405606,1.0
stage5_rho095,42,2,264.526,17.7175,1.00388088,Al,Diamond,Al-Diamond,9.75,12.893521005694637,8.288173680237252,0.6375518215567116,True,3.016346056986147e+17,3.315269472094901e-18,149.61528965266496,57.92185390489441,207.53714355755938,0.004818414587664666,1.0
stage5_rho095,18,56,298.806,16.7414,0.16586095000000003,Al,Al,Al-Al,6.500000000000001,6.733251038042868,4.933608162650726,0.37950832020390207,True,0.0026856611962635165,372.34778586043217,427.6190106302868,0.0,427.6190106302868,0.0023385302690964445,1.0
stage5_rho095,18,2,284.817,19.6243,0.348156297,Al,Diamond,Al-Diamond,9.75,12.893521005694637,5.823126175433395,0.44793278272564585,True,4.2932265671092614e+17,2.3292504701733582e-18,212.95047857485224,117.34044727581966,330.2909258506719,0.0030276338879867103,1.0
stage5_rho095,61,56,312.539,16.6488,0.39852565900000003,Al,Al,Al-Al,6.500000000000001,6.733251038042868,6.607979707564153,0.5083061313510887,True,0.0020051514360482567,498.7154496274832,319.2662106597017,0.0,319.2662106597017,0.0031321823813854088,1.0
stage5_rho095,61,47,323.828,18.4539,0.169154897,Al,Al,Al-Al,6.500000000000001,6.733251038042868,4.966054287025491,0.3820041759250378,True,0.0026681142078163484,374.79654996418805,424.8251266326484,0.0,424.8251266326484,0.0023539097320500833,1.0
stage5_rho095,61,26,329.19,8.83563,0.18846671900000003,Al,Al,Al-Al,6.500000000000001,6.733251038042868,5.148272123483592,0.3960209325756609,True,0.0025736790290398154,388.5488395081956,409.78887493667946,0.0,409.78887493667946,0.0024402809865312226,1.0
stage5_rho095,56,47,318.138,26.2368,0.12707193400000003,Al,Al,Al-Al,6.500000000000001,6.733251038042868,4.514397717817947,0.3472613629090729,True,0.0029350537609265943,340.7092617221092,467.328040908621,0.0,467.328040908621,0.002139824518245707,1.0
stage5_rho095,56,2,296.881,31.1598,0.41298056600000005,Al,Diamond,Al-Diamond,9.75,12.893521005694637,6.1641706604479465,0.4741669738806113,True,4.055695628352909e+17,2.4656682641791785e-18,201.168587660449,104.7154666028745,305.8840542633235,0.0032692125858222723,1.0
stage5_rho095,56,28,311.529,34.4809,0.17145864600000002,Al,Al,Al-Al,6.500000000000001,6.733251038042868,4.988497218210108,0.38373055524693145,True,0.002656110531971821,376.4903560913289,422.91386545208513,0.0,422.91386545208513,0.0023645476814315915,1.0
stage5_rho095,47,26,334.789,18.4236,0.18145408100000002,Al,Al,Al-Al,6.500000000000001,6.733251038042868,5.083609521983976,0.39104688630645973,True,0.0026064157647633277,383.668643168602,415.00131594034355,0.0,415.00131594034355,0.0024096309134204047,1.0
stage5_rho095,47,57,339.96,25.7226,0.21325625800000003,Al,Al,Al-Al,6.500000000000001,6.733251038042868,5.364762897973068,0.41267406907485144,True,0.0024698202421967533,404.88776588475986,393.25216817080695,0.0,393.25216817080695,0.0025428976136392346,1.0
stage5_rho095,47,28,322.818,36.286,0.24586009500000003,Al,Al,Al-Al,6.500000000000001,6.733251038042868,5.62530342297967,0.4327156479215131,True,0.0023554284993540136,424.5512017343147,375.0383726381679,0.0,375.0383726381679,0.0026663938224923637,1.0
stage5_rho095,47,75,335.086,37.1232,0.22576214700000002,Al,Al,Al-Al,6.500000000000001,6.733251038042868,5.467645051619839,0.4205880808938338,True,0.0024233467745084455,412.6524567260256,385.8525236061532,0.0,385.8525236061532,0.002591663754467804,1.0
stage5_rho095,26,57,345.323,16.1043,0.528562249,Al,Al,Al-Al,6.500000000000001,6.733251038042868,7.2602011217684055,0.5584770093668004,True,0.001825018312546778,547.9397073032759,290.58487581351454,0.0,290.58487581351454,0.003441335331718224,1.0
stage5_rho095,57,69,358.393,16.1018,0.21749299500000002,Al,Al,Al-Al,6.500000000000001,6.733251038042868,5.400057228173302,0.41538901755179247,True,0.002453677700093954,407.5514889187397,390.68190432194154,0.0,390.68190432194154,0.0025596271261541454,1.0
stage5_rho095,57,13,359.798,29.5527,0.602107092,Al,Diamond,Al-Diamond,8.432432432432432,12.893521005694637,6.659456421114869,0.5122658785472975,True,3.75406015432934e+17,2.6637825684459476e-18,186.2070156249621,89.71861852439505,275.92563414935717,0.0036241649061815873,1.0
stage5_rho095,57,75,345.62,34.804,0.030163291300000002,Al,Al,Al-Al,6.500000000000001,6.733251038042868,2.7951782858854077,0.21501371429887753,False,0.004740305857020815,210.95685176493643,754.7656806019926,0.0,754.7656806019926,0.0013249145075096833,1.0
stage5_rho095,69,13,370.045,20.0804,0.281083462,Al,Diamond,Al-Diamond,8.432432432432432,12.893521005694637,5.166058245498029,0.39738909580754067,True,4.839279545829027e+17,2.0664232981992113e-18,240.03552552682183,149.0876068602943,389.12313238711613,0.0025698806284411737,1.0
stage5_rho095,69,59,377.722,9.43015,0.125326865,Al,Al,Al-Al,6.500000000000001,6.733251038042868,4.493637100059906,0.34566439231230045,True,0.0029486137186786536,339.14242264603064,469.48709795058573,0.0,469.48709795058573,0.0021299839854283954,1.0
stage5_rho095,13,59,384.873,20.8975,0.375321353,Diamond,Al,Al-Diamond,8.432432432432432,12.893521005694637,5.6887296047831795,0.4375945849833215,True,4.39465429662531e+17,2.2754918419132715e-18,217.9814461242184,122.95028997332925,340.9317360975476,0.002933138497009499,1.0
stage5_rho095,13,75,353.474,44.3427,0.0119725614,Diamond,Al,Al-Diamond,8.432432432432432,12.893521005694637,1.8041662654166062,0.13878202041666202,False,1.3856816014807352e+18,7.216665061666425e-19,687.3188628066657,1222.3822197242314,1909.701082530897,0.000523642160099064,1.0
stage5_rho095,13,32,385.694,62.0596,0.113092045,Diamond,Al,Al-Diamond,8.432432432432432,12.893521005694637,3.8138026792493025,0.29336943686533096,True,6.555137248191594e+17,1.5255210716997208e-18,325.14464175277567,273.5543979167934,598.6990396695691,0.00167028829802686,1.0
stage5_rho095,13,8,365.537,61.4332,1.17584193,Diamond,Diamond,Diamond-Diamond,14.857142857142856,151.51515151515153,4.422112772074609,0.18425469883644202,False,1.1306812507303558e+18,8.844225544149218e-19,83.7541667207671,0.0,83.7541667207671,0.011939704484601445,1.0
stage5_rho095,36,72,10.3845,62.6554,0.29575086,Al,Al,Al-Al,6.500000000000001,6.733251038042868,5.982627227536506,0.4602020944258851,True,0.002214746046521774,451.5190360404911,352.6384916044541,0.0,352.6384916044541,0.0028357653058523045,1.0
stage5_rho095,72,74,9.15123,83.8898,0.17501237300000003,Al,Al,Al-Al,6.500000000000001,6.733251038042868,5.022726406040936,0.38636356969545665,True,0.0026380095049700404,379.0736910219575,420.0317657782088,0.0,420.0317657782088,0.002380772316463404,1.0
stage5_rho095,72,15,19.8175,77.2733,0.42570608800000004,Al,Diamond,Al-Diamond,8.432432432432432,12.893521005694637,5.932678592758966,0.4563598917506897,True,4.2139481532866694e+17,2.3730714371035863e-18,209.01815031304713,113.0468586899539,322.065009003001,0.003104963197013066,1.0
stage5_rho095,50,15,57.5144,71.6233,0.133444178,Al,Diamond,Al-Diamond,8.432432432432432,12.893521005694637,4.030083805166762,0.31000644655128945,True,6.203344944824421e+17,1.6120335220667048e-18,307.6952157348446,244.98076452086923,552.6759802557139,0.0018093784346070493,1.0
stage5_rho095,50,31,71.0278,74.7583,0.14658558800000002,Al,Al,Al-Al,6.500000000000001,6.733251038042868,4.7345680413015305,0.36419754163857926,True,0.0027985657581462453,357.32588990954946,445.5960127611249,0.0,445.5960127611249,0.0022441852515769256,1.0
stage5_rho095,67,10,118.807,62.6241,0.194719895,Al,Diamond,Al-Diamond,8.432432432432432,12.893521005694637,4.5710675859182475,0.35162058353217285,True,5.4691818771211494e+17,1.828427034367299e-18,271.2796261600645,190.42539057920848,461.705016739273,0.0021658850645859557,1.0
stage5_rho095,10,31,86.533,84.3352,0.309122542,Diamond,Al,Al-Diamond,8.432432432432432,12.893521005694637,5.332420946947021,0.41018622668823246,True,4.6883020393041715e+17,2.1329683787788086e-18,232.54681470153835,139.93014649195615,372.4769611934945,0.0026847298066323077,1.0
stage5_rho095,10,39,103.829,102.079,0.7093055330000001,Diamond,Al,Al-Diamond,8.432432432432432,12.893521005694637,7.033292020872407,0.5410224631440314,True,3.5545232482610624e+17,2.813316808348963e-18,176.30968573184268,80.4345879023571,256.74427363419977,0.003894926207486773,1.0
stage5_rho095,10,1,128.947,93.5492,1.1218958900000002,Diamond,Diamond,Diamond-Diamond,14.857142857142856,151.51515151515153,4.353424513781185,0.18139268807421605,False,1.1485211203667406e+18,8.706849027562371e-19,85.07563854568448,0.0,85.07563854568448,0.0117542461872092,1.0
stage5_rho095,71,37,210.725,76.1942,0.0375437864,Al,Al,Al-Al,6.500000000000001,6.733251038042868,3.006740595285507,0.23128773809888514,False,0.004406765259622219,226.9238185121137,701.6583487974235,0.0,701.6583487974235,0.0014251950421653302,1.0
stage5_rho095,71,1,189.5,85.9569,0.189722806,Al,Diamond,Al-Diamond,9.75,12.893521005694637,4.756322514678128,0.3658709626675483,True,5.256161650697443e+17,1.9025290058712508e-18,260.7135033491746,175.88044246725462,436.5939458164292,0.00229045778023789,1.0
stage5_rho095,71,48,204.594,85.1624,0.352704779,Al,Al,Al-Al,6.500000000000001,6.733251038042868,6.344348812795729,0.48802683175351763,True,0.002088472811153836,478.81877832420605,332.53288928490343,0.0,332.53288928490343,0.003007221337265176,1.0
stage5_rho095,70,37,219.863,65.7274,0.3716906380000001,Al,Al,Al-Al,6.500000000000001,6.733251038042868,6.456202523512044,0.4966309633470803,True,0.002052290019054772,487.26056781222974,326.7717568752125,0.0,326.7717568752125,0.003060239996144709,1.0
stage5_rho095,70,2,229.31,55.1663,0.100356493,Al,Diamond,Al-Diamond,9.75,12.893521005694637,3.846625808142654,0.29589429293405034,True,6.49920248210243e+17,1.5386503232570616e-18,322.3701934394923,268.905854838313,591.2760482778053,0.0016912574133734564,1.0
stage5_rho095,37,2,233.974,69.0968,0.155451055,Al,Diamond,Al-Diamond,9.75,12.893521005694637,4.450710439389037,0.3423623414914644,True,5.617080765072605e+17,1.780284175755615e-18,278.6156328854578,200.86370067930787,479.4793335647656,0.0020855956242479532,1.0
stage5_rho095,37,48,216.842,83.9825,0.20223009800000002,Al,Al,Al-Al,6.500000000000001,6.733251038042868,5.270662430263556,0.40543557155873505,True,0.0025139155040398674,397.7858437934759,400.2731476856727,0.0,400.2731476856727,0.0024982939919449255,1.0
stage5_rho095,37,24,231.784,81.3388,0.20462078900000003,Al,Al,Al-Al,6.500000000000001,6.733251038042868,5.291350408895683,0.4070269545304372,True,0.0025040866652347267,399.3472006713724,398.7081705651981,0.0,398.7081705651981,0.002508100093816554,1.0
stage5_rho095,2,28,303.902,46.2336,0.18720672,Diamond,Al,Al-Diamond,9.75,12.893521005694637,4.7352029084103915,0.36424637757003014,True,5.279604799109338e+17,1.8940811633641566e-18,261.87631868062255,177.45283942478926,439.3291581054118,0.0022761976562458482,1.0
stage5_rho095,2,30,301.204,60.8688,0.535130522,Diamond,Al,Al-Diamond,9.75,12.893521005694637,6.720238552744057,0.5169414271341582,True,3.7201060354906323e+17,2.688095421097623e-18,184.52284039142467,88.10301297006315,272.6258533614878,0.0036680307009403527,1.0
stage5_rho095,2,24,247.191,78.5834,1.01760469,Diamond,Al,Al-Diamond,9.75,12.893521005694637,8.325771399264795,0.6404439537895997,True,3.002724768807322e+17,3.3303085597059183e-18,148.93965332387,57.399905279930536,206.33955860380053,0.0048463804360468436,1.0
stage5_rho095,2,27,262.745,87.0397,0.4411133080000001,Diamond,Al,Al-Diamond,9.75,12.893521005694637,6.3010777102606434,0.4846982854046649,True,3.967575254514022e+17,2.520431084104257e-18,196.79768491682302,100.2144780434506,297.0121629602736,0.0033668654846763075,1.0
stage5_rho095,2,64,290.084,79.6499,0.31915979800000005,Diamond,Al,Al-Diamond,9.75,12.893521005694637,5.656756824797743,0.43513514036905715,True,4.419493496769481e+17,2.262702729919097e-18,219.21350771599208,124.34408226457532,343.5575899805674,0.0029107201504602557,1.0
stage5_rho095,28,30,314.411,54.2869,0.349742072,Al,Al,Al-Al,6.500000000000001,6.733251038042868,6.326534742250868,0.48665651863468223,True,0.0020943534715002427,477.4743201698769,333.469225619018,0.0,333.469225619018,0.002998777467826912,1.0
stage5_rho095,28,75,328.477,45.3674,0.0382256043,Al,Al,Al-Al,6.500000000000001,6.733251038042868,3.024832920882556,0.23267945545250432,False,0.004380407231264213,228.2892770477401,697.4615446643122,0.0,697.4615446643122,0.0014337708044983317,1.0
stage5_rho095,30,8,321.198,71.7305,0.7704554630000001,Al,Diamond,Al-Diamond,9.75,12.893521005694637,7.588348977932042,0.5837191521486187,True,3.294524286205527e+17,3.0353395911728167e-18,163.41334715449824,69.09801154516744,232.51135869966566,0.004300865151675009,1.0
stage5_rho095,75,8,342.297,58.3512,0.28152834200000004,Al,Diamond,Al-Diamond,9.75,12.893521005694637,5.425071793608532,0.417313214892964,True,4.608233946222312e+17,2.170028717443413e-18,228.57531716376957,135.191429600844,363.7667467646136,0.002749014331007778,1.0
stage5_rho095,32,8,379.551,78.8364,0.36808302100000007,Al,Diamond,Al-Diamond,9.75,12.893521005694637,5.932167117512878,0.45632054750099066,True,4.214311482593819e+17,2.3728668470051516e-18,209.0361719917609,113.06635347538054,322.10252546714145,0.0031046015505457832,1.0
stage5_rho095,74,22,10.013,104.135,0.47423207600000006,Al,Al,Al-Al,6.500000000000001,6.733251038042868,7.00239995854273,0.5386461506571331,True,0.0018922083968990339,528.483015739074,301.2830820633761,0.0,301.2830820633761,0.003319137580349254,1.0
stage5_rho095,74,15,19.7879,91.6206,0.594809922,Al,Diamond,Al-Diamond,8.432432432432432,12.893521005694637,6.632444153988176,0.5101880118452443,True,3.769349491614968e+17,2.6529776615952705e-18,186.96538969191914,90.4509091826594,277.41629887457856,0.0036046908709286237,1.0
stage5_rho095,22,58,11.2917,122.398,0.5012404930000001,Al,Al,Al-Al,6.500000000000001,6.733251038042868,7.132886616701774,0.5486835859001366,True,0.0018575929650942302,538.3310654114547,295.77150944896584,0.0,295.77150944896584,0.0033809882563166412,1.0
stage5_rho095,15,31,62.3633,85.4242,0.11078127600000001,Diamond,Al,Al-Diamond,8.432432432432432,12.893521005694637,3.787648376314629,0.29135756740881763,True,6.6004014935317e+17,1.5150593505258517e-18,327.3898162286235,277.3453129006709,604.7351291292944,0.0016536165204092132,1.0
stage5_rho095,15,11,55.6618,102.262,1.0978968100000002,Diamond,Diamond,Diamond-Diamond,12.0,151.51515151515153,4.0251554383910335,0.1677148099329597,False,1.2421880537360415e+18,8.050310876782066e-19,92.01392990637343,0.0,92.01392990637343,0.01086791968365579,1.0
stage5_rho095,31,11,73.7435,97.2199,0.28887122400000004,Al,Diamond,Al-Diamond,8.432432432432432,12.893521005694637,5.213334937127459,0.40102576439441995,True,4.795394944214916e+17,2.0853339748509833e-18,237.85878344957246,146.39589028020816,384.2546737297806,0.0026024406945879593,1.0
stage5_rho095,11,39,91.0398,114.964,0.8780535230000001,Diamond,Al,Al-Diamond,8.432432432432432,12.893521005694637,7.551870435271787,0.5809131104055221,True,3.310438150955945e+17,3.0207481741087147e-18,164.20269872064648,69.76716563671697,233.96986435736346,0.004274054706774583,1.0
stage5_rho095,11,52,78.0377,139.182,0.48130732200000004,Diamond,Al,Al-Diamond,8.432432432432432,12.893521005694637,6.180472664236393,0.4754209741720302,True,4.044998070238822e+17,2.4721890656945572e-18,200.63797272914547,104.16378692214901,304.8017596512945,0.0032808209543935714,1.0
stage5_rho095,11,73,90.9072,130.574,0.21818816200000002,Diamond,Al,Al-Diamond,8.432432432432432,12.893521005694637,4.747787379573256,0.3652144138133274,True,5.265610694269773e+17,1.8991149518293025e-18,261.18219008614244,176.5133742079889,437.6955642941314,0.002284693018565754,1.0
stage5_rho095,11,3,58.98,138.746,1.0550784,Diamond,Diamond,Diamond-Diamond,14.857142857142856,151.51515151515153,4.265223009599313,0.17771762539997138,False,1.1722716464642053e+18,8.530446019198627e-19,86.83493677512632,0.0,86.83493677512632,0.011516102125918146,1.0
stage5_rho095,39,25,109.009,117.567,0.522103258,Al,Al,Al-Al,6.500000000000001,6.733251038042868,7.230506799616191,0.556192830739707,True,0.0018325133171444266,545.6986263861277,291.778252869107,0.0,291.778252869107,0.003427260223018075,1.0
stage5_rho095,39,73,101.328,124.785,0.06154312000000001,Al,Al,Al-Al,6.500000000000001,6.733251038042868,3.545219322046469,0.27270917861895916,True,0.0037374274470419705,267.56372241860146,595.0843797535181,0.0,595.0843797535181,0.0016804339586500264,1.0
stage5_rho095,25,1,128.082,119.713,0.5636846190000001,Al,Diamond,Al-Diamond,9.75,12.893521005694637,6.837702120991964,0.5259770862301512,True,3.656199050153004e+17,2.7350808483967854e-18,181.3529580432198,85.10200378183848,266.45496182505826,0.0037529794647117613,1.0
stage5_rho095,25,73,108.907,129.6,0.24985563900000002,Al,Al,Al-Al,6.500000000000001,6.733251038042868,5.655612637883843,0.4350471259910649,True,0.002342805430351705,426.8386896516108,373.0284898259223,0.0,373.0284898259223,0.002680760390356942,1.0
stage5_rho095,25,53,122.118,131.922,0.17935018100000003,Al,Al,Al-Al,6.500000000000001,6.733251038042868,5.063885503427853,0.38952965410983487,True,0.0026165678491408997,382.18003799455494,416.61776118794677,0.0,416.61776118794677,0.0024002817286248026,1.0
stage5_rho095,1,48,198.676,97.6394,0.010267640400000002,Diamond,Al,Al-Diamond,9.75,12.893521005694637,1.7990987384523531,0.13839221065018104,False,1.389584655120478e+18,7.196394953809412e-19,689.2548359669318,1229.2780934153702,1918.532929382302,0.0005212316060282393,1.0
stage5_rho095,1,53,136.379,134.023,0.813256681,Diamond,Al,Al-Diamond,9.75,12.893521005694637,7.726343203632378,0.594334092587106,True,3.2356833421853146e+17,3.0905372814529506e-18,160.49474805588665,66.65184093126912,227.14658898715578,0.004402443393312615,1.0
stage5_rho095,1,20,161.752,148.438,0.28053425000000004,Diamond,Al,Al-Diamond,9.75,12.893521005694637,5.41867885451011,0.4168214503469315,True,4.613670725142133e+17,2.167471541804044e-18,228.84498955463556,135.51061456494546,364.355604119581,0.0027445714809749473,1.0
stage5_rho095,1,7,185.489,141.676,3.6091171600000003,Diamond,Diamond,Diamond-Diamond,19.5,151.51515151515153,7.036341840506565,0.18041902155145037,False,7.105965163909713e+17,1.407268368101313e-18,52.6367789919238,0.0,52.6367789919238,0.018998122969367724,1.0
stage5_rho095,48,14,218.831,101.034,0.4596289620000001,Al,Diamond,Al-Diamond,8.432432432432432,12.893521005694637,6.086252919870373,0.46817330152849024,True,4.1076176637977216e+17,2.434501167948149e-18,203.74399851373602,107.41381670003194,311.15781521376795,0.003213803257080308,1.0
stage5_rho095,24,14,238.215,97.6045,1.1095803000000002,Al,Diamond,Al-Diamond,8.432432432432432,12.893521005694637,8.164578698407645,0.6280445152621266,True,3.062007351937927e+17,3.265831479363058e-18,151.88015838491918,59.688763357709036,211.56892174262822,0.0047265921278196584,1.0
stage5_rho095,24,27,250.965,93.3007,0.0848342803,Al,Al,Al-Al,6.500000000000001,6.733251038042868,3.9455455758562348,0.303503505835095,True,0.0033582174493383154,297.7770245929234,534.7054293986649,0.0,534.7054293986649,0.0018701886029558554,1.0
stage5_rho095,14,27,251.666,104.918,0.500026025,Diamond,Al,Al-Diamond,8.432432432432432,12.893521005694637,6.259578208872209,0.481506016067093,True,3.993879326336313e+17,2.5038312835488833e-18,198.10240634148238,101.5476787234643,299.65008506494667,0.003337225817183594,1.0
stage5_rho095,14,4,252.689,130.477,0.274735975,Diamond,Diamond,Diamond-Diamond,14.857142857142856,151.51515151515153,2.723654462902528,0.11348560262093867,False,1.8357688422310477e+18,5.447308925805056e-19,135.98287720229982,0.0,135.98287720229982,0.0073538670498368265,1.0
stage5_rho095,14,7,224.139,137.172,1.8624672800000002,Diamond,Diamond,Diamond-Diamond,14.857142857142856,151.51515151515153,5.15477503657094,0.21478229319045583,False,9.699744342919183e+17,1.0309550073141879e-18,71.84995809569764,0.0,71.84995809569764,0.01391789259874154,1.0
stage5_rho095,27,54,271.367,101.532,0.277240246,Al,Al,Al-Al,6.500000000000001,6.733251038042868,5.855114103501107,0.4503933925770082,True,0.0022629789557947417,441.8954040378194,360.31827972211477,0.0,360.31827972211477,0.0027753240850595245,1.0
stage5_rho095,64,54,289.593,96.6052,0.166788717,Al,Al,Al-Al,6.500000000000001,6.733251038042868,4.942790012038778,0.38021461631067527,True,0.0026806722453772023,373.0407556255681,426.8246549442245,0.0,426.8246549442245,0.002342882465706381,1.0
stage5_rho095,64,43,300.171,100.106,0.14654282200000002,Al,Al,Al-Al,6.500000000000001,6.733251038042868,4.734107563493109,0.36416212026870076,True,0.002798837969415159,357.2911368674045,445.63935505376304,0.0,445.63935505376304,0.002243966985095734,1.0
stage5_rho095,64,8,310.077,90.5117,0.21249048,Al,Diamond,Al-Diamond,9.75,12.893521005694637,4.939442583311156,0.3799571217931659,True,5.061299848786023e+17,1.9757770333244625e-18,251.04806563598743,163.08133474943043,414.12940038541785,0.0024147041940739532,1.0
stage5_rho095,54,43,291.978,107.626,0.16389999500000002,Al,Al,Al-Al,6.500000000000001,6.733251038042868,4.91408786933772,0.3780067591798247,True,0.0026963294821559067,370.8745561764318,429.31764702745113,0.0,429.31764702745113,0.0023292776500660798,1.0
stage5_rho095,54,4,281.889,116.611,0.153744555,Al,Diamond,Al-Diamond,9.75,12.893521005694637,4.434364242671695,0.34110494174397654,True,5.6377867563124576e+17,1.773745697068678e-18,279.6426811147951,202.34729969420377,481.9899808089989,0.0020747319235174646,1.0
stage5_rho095,43,8,313.656,107.043,0.5457911230000001,Al,Diamond,Al-Diamond,9.75,12.893521005694637,6.764571189382516,0.5203516299525013,True,3.6957257600066816e+17,2.7058284757530064e-18,183.31354215129247,86.9520042808222,270.26554643211466,0.003700064670474674,1.0
stage5_rho095,43,4,297.756,121.863,0.592810558,Al,Diamond,Al-Diamond,9.75,12.893521005694637,6.953499465471857,0.5348845742670659,True,3.595311989903709e+17,2.781399786188743e-18,178.33286850999173,82.29117985729278,260.6240483672845,0.0038369444656570976,1.0
stage5_rho095,8,23,379.603,109.361,0.4834323380000001,Diamond,Al,Al-Diamond,9.75,12.893521005694637,6.4964586974829865,0.4997275921140759,True,3.848250433684139e+17,2.5985834789931947e-18,190.8789947884584,94.27722199075285,285.15621677921126,0.003506849723617539,1.0
stage5_rho095,8,5,352.686,132.652,1.5002376600000003,Diamond,Diamond,Diamond-Diamond,19.5,151.51515151515153,5.251297519133006,0.13464865433674375,False,9.521456329188342e+17,1.0502595038266012e-18,70.52930614213587,0.0,70.52930614213587,0.014178503301659116,1.0
stage5_rho095,23,40,390.406,124.57,0.278878469,Al,Al,Al-Al,6.500000000000001,6.733251038042868,5.866624158265279,0.45127878140502153,True,0.0022585390920828877,442.76408741624755,359.61135133872904,0.0,359.61135133872904,0.0027807798510177425,1.0
stage5_rho095,58,3,18.2782,141.296,0.545191867,Al,Diamond,Al-Diamond,9.75,12.893521005694637,6.762094543275527,0.5201611187135021,True,3.697079335405168e+17,2.704837817310211e-18,183.3806815217378,87.0157090331969,270.3963905549347,0.003698274218630283,1.0
stage5_rho095,52,21,90.4707,154.064,0.35048698400000006,Al,Al,Al-Al,6.500000000000001,6.733251038042868,6.331023163982723,0.48700178184482484,True,0.0020928686654282723,477.8130689798282,333.23281035399606,0.0,333.23281035399606,0.003000904979727811,1.0
stage5_rho095,52,73,91.306,143.453,0.07117272200000001,Al,Al,Al-Al,6.500000000000001,6.733251038042868,3.721240991914923,0.2862493070703787,True,0.003560640127524138,280.84837674829606,566.9357738275834,0.0,566.9357738275834,0.0017638682301676736,1.0
stage5_rho095,52,3,70.5532,155.255,0.42834183900000006,Al,Diamond,Al-Diamond,9.75,12.893521005694637,6.239669900016716,0.4799746076935936,True,4.006622209282742e+17,2.4958679600066867e-18,198.7344724529367,102.19670910914861,300.9311815620853,0.003323018886940067,1.0
stage5_rho095,52,19,83.5201,161.576,0.09774171549999999,Al,Al,Al-Al,6.500000000000001,6.733251038042868,4.13627993753154,0.3181753798101185,True,0.003203361522940676,312.1720707570974,510.04880549966975,0.0,510.04880549966975,0.0019605966903899503,1.0
stage5_rho095,21,73,100.391,147.428,0.23413203500000002,Al,Al,Al-Al,6.500000000000001,6.733251038042868,5.534395833742267,0.42572275644171287,True,0.002394118599037859,417.69025160318995,381.1987260628706,0.0,381.1987260628706,0.0026233036251938346,1.0
stage5_rho095,21,76,109.038,155.715,0.37698888,Al,Al,Al-Al,6.500000000000001,6.733251038042868,6.48673442583421,0.49897957121801617,True,0.0020426302558696195,489.5648623271101,325.2337004807928,0.0,325.2337004807928,0.003074712117845416,1.0
stage5_rho095,21,19,92.605,165.551,0.297800509,Al,Al,Al-Al,6.500000000000001,6.733251038042868,5.99641593613273,0.46126276431790236,True,0.0022096532563992423,452.5596932930363,351.82760232453506,0.0,351.82760232453506,0.002842301153726914,1.0
stage5_rho095,21,16,105.743,167.732,0.44096568,Al,Diamond,Al-Diamond,8.432432432432432,12.893521005694637,6.002734436386066,0.46174880279892816,True,4.164768617525449e+17,2.4010937745544264e-18,206.5787715584587,110.4235943364901,317.0023658949488,0.0031545505888476216,1.0
stage5_rho095,73,76,109.873,145.104,0.06699707,Al,Al,Al-Al,6.500000000000001,6.733251038042868,3.646995334845808,0.28053810268044677,True,0.003633127762298111,275.2449309317591,578.4774719048023,0.0,578.4774719048023,0.001728675788716913,1.0
stage5_rho095,53,76,123.085,147.426,0.832593738,Al,Al,Al-Al,6.500000000000001,6.733251038042868,8.447489316040892,0.6498068704646841,True,0.0015685133776777492,637.5463634747844,249.74339267219952,0.0,249.74339267219952,0.004004109935803383,1.0
stage5_rho095,76,16,118.045,164.716,0.514855167,Al,Diamond,Al-Diamond,8.432432432432432,12.893521005694637,6.320855938992617,0.4862196876148167,True,3.955160541751623e+17,2.5283423755970465e-18,196.1818965388287,99.5883084533822,295.7702049922109,0.0033810031677340016,1.0
stage5_rho095,20,38,154.856,167.648,0.403623767,Al,Al,Al-Al,6.500000000000001,6.733251038042868,6.636037754814812,0.5104644426780626,True,0.0019966733899888364,500.8330380992312,317.9163108015025,0.0,317.9163108015025,0.0031454818957822213,1.0
stage5_rho095,20,7,173.212,163.423,0.3985966610000001,Al,Diamond,Al-Diamond,9.75,12.893521005694637,6.091758357094954,0.4685967966996119,True,4.10390539718027e+17,2.4367033428379818e-18,203.5598645202403,107.21975358428797,310.77961810452825,0.003217714231387137,1.0
stage5_rho095,4,7,245.882,162.858,0.922021501,Diamond,Diamond,Diamond-Diamond,19.5,151.51515151515153,4.464713748239054,0.11447983969843728,False,1.1198926251368457e+18,8.929427496478108e-19,82.95500926939597,0.0,82.95500926939597,0.012054727120245447,1.0
stage5_rho095,4,45,271.843,187.745,0.5208416760000001,Diamond,Al,Al-Diamond,9.75,12.893521005694637,6.659884410169126,0.5122988007822404,True,3.753818904398242e+17,2.6639537640676503e-18,186.19504926644817,89.7070875876675,275.90213685411567,0.0036244735593648335,1.0
stage5_rho095,4,66,305.896,185.543,0.0127094579,Diamond,Al,Al-Diamond,9.75,12.893521005694637,1.9317034610463393,0.1485925739266415,False,1.2941945026312855e+18,7.726813844185357e-19,641.9398892563995,1066.2995463317902,1708.2394355881897,0.0005853980297882977,1.0
stage5_rho095,4,5,320.886,162.292,1.10820947,Diamond,Diamond,Diamond-Diamond,19.5,151.51515151515153,4.747014472432423,0.12171831980595955,False,1.0532936078111311e+18,9.494028944864845e-19,78.02174872675046,0.0,78.02174872675046,0.012816939075567541,1.0
stage5_rho095,40,5,382.349,143.82,0.462112582,Al,Diamond,Al-Diamond,9.75,12.893521005694637,6.399519696446991,0.4922707458805379,True,3.90654317602616e+17,2.5598078785787968e-18,193.7704022614007,97.15505012222532,290.925452383626,0.003437306677043024,1.0
stage5_rho095,3,19,73.7547,172.486,0.48621716900000006,Diamond,Al,Al-Diamond,9.75,12.893521005694637,6.508909189443105,0.5006853222648543,True,3.8408893521740736e+17,2.603563675777242e-18,190.51387410221142,93.91689275047841,284.4307668526898,0.003515794057954048,1.0
stage5_rho095,3,49,71.3158,190.324,0.0216998683,Diamond,Al,Al-Diamond,9.75,12.893521005694637,2.308786716180922,0.17759897816776324,False,1.0828198128822282e+18,9.235146864723688e-19,537.0948720250339,746.435885524833,1283.5307575498668,0.0007791009246314448,1.0
stage5_rho095,19,49,84.0285,184.955,0.06445952610000001,Al,Al,Al-Al,6.500000000000001,6.733251038042868,3.6003576165447826,0.2769505858880602,True,0.0036801899731049095,271.7251031354553,585.9708579101838,0.0,585.9708579101838,0.0017065695102422272,1.0
stage5_rho095,19,16,96.726,177.476,0.269449063,Al,Diamond,Al-Diamond,8.432432432432432,12.893521005694637,5.093775024013817,0.3918288480010628,True,4.907951348880027e+17,2.0375100096055266e-18,243.44174998195345,153.3488844611903,396.79063444314374,0.0025202207743723606,1.0
stage5_rho095,49,16,94.6168,192.904,0.016083123900000003,Al,Diamond,Al-Diamond,8.432432432432432,12.893521005694637,1.9906932152893735,0.1531302473299518,False,1.2558439345645693e+18,7.962772861157494e-19,622.9174321468889,1004.0410466203938,1626.9584787672827,0.0006146438357527613,1.0
stage5_rho095,16,38,137.317,178.482,0.405486981,Diamond,Al,Al-Diamond,8.432432432432432,12.893521005694637,5.837225961391505,0.4490173816455004,True,4.282856302866231e+17,2.334890384556602e-18,212.43609791057068,116.77426155196301,329.2103594625337,0.003037571483572365,1.0
stage5_rho095,38,51,155.384,185.258,0.004790031690000001,Al,Al,Al-Al,6.500000000000001,6.733251038042868,1.5136637139006994,0.1164356703000538,False,0.008753595582901869,114.23877086043014,1393.7736777170396,0.0,1393.7736777170396,0.0007174766003889316,1.0
stage5_rho095,51,7,174.004,189.838,0.0019184833100000002,Al,Diamond,Al-Diamond,9.75,12.893521005694637,1.0285311694421793,0.07911778226478303,False,2.430650693217073e+18,4.114124677768717e-19,1205.6392092937945,3761.18959005439,4966.8287993481845,0.00020133570944326363,1.0
stage5_rho095,7,34,237.587,192.448,0.46573972300000005,Diamond,Al,Al-Diamond,9.75,12.893521005694637,6.416219446007565,0.49355534200058193,True,3.8963754607171405e+17,2.566487778403026e-18,193.2660683281169,96.64996964855412,289.916037976671,0.0034492745105756035,1.0
stage5_rho095,34,45,257.659,199.176,0.279522368,Al,Al,Al-Al,6.500000000000001,6.733251038042868,5.871135812728294,0.4516258317483304,True,0.0022568035253544535,443.10458963987134,359.33500921175914,0.0,359.33500921175914,0.002782918375233212,1.0
stage5_rho095,66,5,324.662,189.654,0.007102469280000001,Al,Diamond,Al-Diamond,9.75,12.893521005694637,1.5911137798786719,0.12239336768297478,False,1.571226414864331e+18,6.364455119514688e-19,779.3518738520684,1571.6566206929833,2351.0084945450517,0.0004253493776480429,1.0
stage5_rho095,5,17,383.682,192.876,0.9973189040000001,Diamond,Al,Al-Diamond,9.75,12.893521005694637,8.27007534081467,0.6361596416011285,True,3.0229470675580685e+17,3.308030136325868e-18,149.94270968009548,58.1756451640285,208.11835484412399,0.004804958220763266,1.0
